{
  "RF": {
    "balanced": {
      "mean": 0.9064930790993627,
      "std": 0.0036041012096453976,
      "n": 3
    },
    "natural": {
      "mean": 0.545717687050764,
      "std": 0.0031853081537623574,
      "n": 3
    },
    "gap": 0.36077539204859876
  },
  "PointNet": {
    "balanced": {
      "mean": 0.8322686066741599,
      "std": 0.08773988424992175,
      "n": 15
    },
    "natural": {
      "mean": 0.6620428731977005,
      "std": 0.02980779475872903,
      "n": 15
    },
    "gap": 0.17022573347645942
  },
  "PointNet++": {
    "balanced": {
      "mean": 0.9503492774586609,
      "std": 0.045337182439322034,
      "n": 15
    },
    "natural": {
      "mean": 0.5933731428109347,
      "std": 0.10165990869738147,
      "n": 15
    },
    "gap": 0.35697613464772626
  },
  "DGCNN": {
    "balanced": {
      "mean": 0.9568913965168261,
      "std": 0.04376003357827405,
      "n": 15
    },
    "natural": {
      "mean": 0.6900840971703031,
      "std": 0.037639268536558745,
      "n": 15
    },
    "gap": 0.26680729934652303
  },
  "PT": {
    "balanced": {
      "mean": 0.582629916598007,
      "std": 0.24525296273945035,
      "n": 15
    },
    "natural": {
      "mean": 0.5553244664963131,
      "std": 0.04063444669761739,
      "n": 15
    },
    "gap": 0.02730545010169394
  },
  "DINOv3": {
    "balanced": {
      "mean": 0.875608628457891,
      "std": 0.04845759360297435,
      "n": 15
    },
    "natural": {
      "mean": 0.655419571556026,
      "std": 0.04251265246015086,
      "n": 15
    },
    "gap": 0.22018905690186497
  },
  "rankings": {
    "balanced": [
      [
        "DGCNN",
        0.9568913965168261
      ],
      [
        "PointNet++",
        0.9503492774586609
      ],
      [
        "RF",
        0.9064930790993627
      ],
      [
        "DINOv3",
        0.875608628457891
      ],
      [
        "PointNet",
        0.8322686066741599
      ],
      [
        "PT",
        0.582629916598007
      ]
    ],
    "natural": [
      [
        "DGCNN",
        0.6900840971703031
      ],
      [
        "PointNet",
        0.6620428731977005
      ],
      [
        "DINOv3",
        0.655419571556026
      ],
      [
        "PointNet++",
        0.5933731428109347
      ],
      [
        "PT",
        0.5553244664963131
      ],
      [
        "RF",
        0.545717687050764
      ]
    ]
  }
}