{
  "method": "DGCNN",
  "experiment": "test_time_bn_adaptation",
  "no_adapt_per_fold": [
    0.3941200867389979,
    0.3882222344086433,
    0.41715550529507117,
    0.4625146997857752,
    0.44302346943228527,
    0.38411078698967355,
    0.3361954514827443,
    0.3931123459186172,
    0.4917606333455581,
    0.4367258935159768
  ],
  "bn_adapt_per_fold": [
    0.10698318481445312,
    0.08971023559570312,
    0.09791255329575661,
    0.09627718348522969,
    0.09278157552083334,
    0.32247962828422483,
    0.09733683805047727,
    0.0975341796875,
    0.12323064223749398,
    0.09278157552083334
  ],
  "no_adapt_mean": 0.4146941106913342,
  "bn_adapt_mean": 0.12170275964925055,
  "delta": -0.2929913510420837,
  "seeds": [
    42,
    7
  ]
}