{
  "n_cases": 79,
  "boundary_threshold_mm": 0.3,
  "statistical_results": {
    "step_height_mean": {
      "name": "Step Height (mm)",
      "clinical": "Higher = worse marginal adaptation",
      "by_type": {
        "充填": {
          "mean": 0.05478882481694617,
          "std": 0.013011757690417932,
          "median": 0.05405404281194398
        },
        "全冠": {
          "mean": 0.04801196522830575,
          "std": 0.013717299998956484,
          "median": 0.04308114845404039
        },
        "桩核冠": {
          "mean": 0.04210779670766621,
          "std": 0.012639354991883556,
          "median": 0.035596055047794964
        },
        "高嵌体": {
          "mean": 0.05009106364299201,
          "std": 0.018702221624046438,
          "median": 0.0461052932007961
        }
      },
      "kruskal_wallis": {
        "H": 4.969421798212714,
        "p": 0.17404997283813456
      }
    },
    "step_height_p95": {
      "name": "Step Height P95 (mm)",
      "clinical": "Worst-case marginal gap",
      "by_type": {
        "充填": {
          "mean": 0.15817378979571933,
          "std": 0.034818430032588776,
          "median": 0.1561366313512265
        },
        "全冠": {
          "mean": 0.14201046606640444,
          "std": 0.032401705589648035,
          "median": 0.13736196354816316
        },
        "桩核冠": {
          "mean": 0.12169179811424766,
          "std": 0.02839846577531323,
          "median": 0.11732966853112109
        },
        "高嵌体": {
          "mean": 0.13829836970058754,
          "std": 0.03530753529674797,
          "median": 0.13578608750288332
        }
      },
      "kruskal_wallis": {
        "H": 6.4394079462593945,
        "p": 0.09208297928023325
      },
      "pairwise": [
        {
          "pair": "充填 vs 全冠",
          "U": 100.0,
          "p_raw": 0.24222405399196534,
          "p_adj": 1.0,
          "effect_r": -0.28205128205128216
        },
        {
          "pair": "充填 vs 桩核冠",
          "U": 123.0,
          "p_raw": 0.01549999333528876,
          "p_adj": 0.09299996001173257,
          "effect_r": -0.5769230769230769
        },
        {
          "pair": "充填 vs 高嵌体",
          "U": 325.0,
          "p_raw": 0.09525108238023092,
          "p_adj": 0.5715064942813854,
          "effect_r": -0.32113821138211374
        },
        {
          "pair": "全冠 vs 桩核冠",
          "U": 114.0,
          "p_raw": 0.13696741226229456,
          "p_adj": 0.8218044735737673,
          "effect_r": -0.34911242603550297
        },
        {
          "pair": "全冠 vs 高嵌体",
          "U": 290.0,
          "p_raw": 0.641685597221362,
          "p_adj": 1.0,
          "effect_r": -0.08818011257035652
        },
        {
          "pair": "桩核冠 vs 高嵌体",
          "U": 201.0,
          "p_raw": 0.18845919439805803,
          "p_adj": 1.0,
          "effect_r": 0.24577861163227022
        }
      ]
    },
    "curvature_boundary_mean": {
      "name": "Boundary Curvature",
      "clinical": "Surface irregularity at margin",
      "by_type": {
        "充填": {
          "mean": 0.0035726846125432314,
          "std": 0.0016821315697169447,
          "median": 0.003256673430641294
        },
        "全冠": {
          "mean": 0.0030716136088063165,
          "std": 0.0011199086577977089,
          "median": 0.0026288355362781178
        },
        "桩核冠": {
          "mean": 0.0030729064816370976,
          "std": 0.0011953942339808065,
          "median": 0.0028159114251921787
        },
        "高嵌体": {
          "mean": 0.0033266111318527,
          "std": 0.0013448913194123422,
          "median": 0.0033296597588190575
        }
      },
      "kruskal_wallis": {
        "H": 0.8498654288375966,
        "p": 0.8375063921485741
      }
    },
    "curvature_ratio": {
      "name": "Curvature Ratio (boundary/interior)",
      "clinical": ">1 = margin more curved",
      "by_type": {
        "充填": {
          "mean": 0.40048147398766254,
          "std": 0.1824249645032158,
          "median": 0.3613015482463905
        },
        "全冠": {
          "mean": 0.27453963266402615,
          "std": 0.11851168933369939,
          "median": 0.29320298378343246
        },
        "桩核冠": {
          "mean": 0.2773856378164232,
          "std": 0.13822556719407825,
          "median": 0.24570769546557603
        },
        "高嵌体": {
          "mean": 0.34672809579844543,
          "std": 0.17408169281803254,
          "median": 0.3304147124219341
        }
      },
      "kruskal_wallis": {
        "H": 5.049367088607568,
        "p": 0.16821772998010154
      }
    },
    "smoothness_cv": {
      "name": "Boundary Smoothness CV",
      "clinical": "Higher = more irregular margin",
      "by_type": {
        "充填": {
          "mean": 0.28782413595755013,
          "std": 0.10200857975624916,
          "median": 0.24432175854174562
        },
        "全冠": {
          "mean": 0.4829235613342306,
          "std": 0.4271521930701383,
          "median": 0.2855777077394812
        },
        "桩核冠": {
          "mean": 0.4783157082381017,
          "std": 0.4782477597520588,
          "median": 0.2691178335159907
        },
        "高嵌体": {
          "mean": 0.4135492759048134,
          "std": 0.451954431681066,
          "median": 0.24741486698914095
        }
      },
      "kruskal_wallis": {
        "H": 2.879708877421789,
        "p": 0.4105459383785858
      }
    },
    "margin_width": {
      "name": "Margin Band Width (mm)",
      "clinical": "Thickness of transition zone",
      "by_type": {
        "充填": {
          "mean": 0.1894809999402786,
          "std": 0.012109518413982848,
          "median": 0.18932892153038733
        },
        "全冠": {
          "mean": 0.191146793386144,
          "std": 0.016456783972347722,
          "median": 0.1842277392003574
        },
        "桩核冠": {
          "mean": 0.1886703162941434,
          "std": 0.016014415789600066,
          "median": 0.18556150493136225
        },
        "高嵌体": {
          "mean": 0.19172482157176524,
          "std": 0.018106601041354014,
          "median": 0.18710636485577356
        }
      },
      "kruskal_wallis": {
        "H": 0.6098021124080479,
        "p": 0.8941847831409399
      }
    },
    "boundary_fraction": {
      "name": "Boundary Fraction",
      "clinical": "% of restoration surface at boundary",
      "by_type": {
        "充填": {
          "mean": 0.022209704603235476,
          "std": 0.014317951067461972,
          "median": 0.021936966757060666
        },
        "全冠": {
          "mean": 0.02004678924585359,
          "std": 0.007368943016357066,
          "median": 0.01780871188187147
        },
        "桩核冠": {
          "mean": 0.035700305291727304,
          "std": 0.01934266561625855,
          "median": 0.02980553590511597
        },
        "高嵌体": {
          "mean": 0.023246192633333808,
          "std": 0.011066047385008285,
          "median": 0.022984575049611655
        }
      },
      "kruskal_wallis": {
        "H": 5.717233718017457,
        "p": 0.12620778922371817
      }
    },
    "boundary_perimeter": {
      "name": "Boundary Perimeter (mm)",
      "clinical": "Length of margin line",
      "by_type": {
        "充填": {
          "mean": 27.679761099840565,
          "std": 8.772130522068087,
          "median": 31.746084499177968
        },
        "全冠": {
          "mean": 32.563372321459106,
          "std": 4.168347797045384,
          "median": 34.0812749570158
        },
        "桩核冠": {
          "mean": 31.53872006691656,
          "std": 5.6795570006162,
          "median": 32.53611941109027
        },
        "高嵌体": {
          "mean": 31.983533082250847,
          "std": 4.817192968667453,
          "median": 33.02791101537221
        }
      },
      "kruskal_wallis": {
        "H": 2.811625012839605,
        "p": 0.42158980659070966
      }
    }
  },
  "type_counts": {
    "全冠": 13,
    "高嵌体": 41,
    "桩核冠": 13,
    "充填": 12
  },
  "clinical_thresholds": {
    "step_height_ideal_um": 50,