{
  "RF": {
    "balanced": [],
    "natural": [
      0.5833333333333333,
      0.3333333333333333,
      0.2,
      0.25,
      0.25,
      0.3333333333333333,
      0.303030303030303,
      0.325,
      0.3,
      0.3333333333333333,
      1.0,
      0.22727272727272727,
      0.26111111111111107,
      0.25,
      0.25,
      0.16666666666666666,
      0.41666666666666663,
      0.125,
      0.25,
      0.25,
      0.25,
      0.25,
      0.4,
      0.2,
      0.25,
      0.75,
      0.0,
      0.25,
      0.25,
      0.3333333333333333,
      0.3333333333333333,
      0.16666666666666666,
      0.45,
      0.2648809523809524,
      0.3142857142857143,
      0.3333333333333333,
      0.1,
      0.3,
      0.775,
      0.25,
      0.3333333333333333,
      0.25,
      0.375,
      0.3333333333333333,
      0.3333333333333333,
      0.5833333333333333,
      0.4107142857142857,
      0.3333333333333333,
      0.325,
      0.21428571428571427,
      0.18333333333333332,
      0.25,
      0.41666666666666663,
      0.15384615384615385,
      0.23809523809523808,
      0.25,
      0.2,
      0.3666666666666667,
      0.25,
      0.2700534759358289,
      0.25,
      0.25,
      0.5
    ]
  },
  "PT(tuned)": {
    "balanced": [
      0.33651539384246304,
      0.35368916797488226,
      0.41676393346950685,
      0.39417008915155766,
      0.3468532127378934,
      0.34945609945609946,
      0.34601751459549623,
      0.4473071808510638,
      0.3597560975609756,
      0.3107344632768362,
      0.40306122448979587,
      0.40669014084507044,
      0.3351506456241033,
      0.351010101010101,
      0.3677685950413223,
      0.3920474363446111,
      0.3608058608058608,
      0.3830935251798561,
      0.3221052631578948,
      0.3459915611814346,
      0.36,
      0.40319304517387067,
      0.3907615480649188,
      0.43873517786561267,
      0.34825,
      0.36504424778761063,
      0.3480392156862745,
      0.37544916508137816,
      0.3934782608695652,
      0.4289940828402367,
      0.4126637554585153,
      0.42531186693677364,
      0.38792270531400963,
      0.35738356683074596,
      0.40476190476190477,
      0.36444444444444446,
      0.3858800773694391,
      0.352803738317757,
      0.3707396664249456,
      0.37389380530973454,
      0.4048723897911833,
      0.36009174311926606,
      0.3445707070707071,
      0.33962264150943394,
      0.38227231190983857,
      0.43164794007490637,
      0.3178075141533711,
      0.5490116982654296,
      0.3695652173913043,
      0.3419811320754717,
      0.4094488188976378,
      0.3309608540925267,
      0.3796680497925311,
      0.4211520737327189,
      0.36266742124127527,
      0.3590393095037058,
      0.3254437869822485,
      0.32831325301204817,
      0.3463114754098361,
      0.3622937293729373,
      0.37186629526462395,
      0.42124542124542125,
      0.3480549199084668,
      0.37622435302608515,
      0.3446327683615819,
      0.33371324367449284,
      0.35390866873065013,
      0.43315508021390375,
      0.421875,
      0.35476892354507417,
      0.35008988186954293,
      0.3153153153153153,
      0.3616824894514768,
      0.3725205198358413,
      0.3740881237233732
    ],
    "natural": [
      0.375,
      0.3234993875051041,
      0.23076923076923078,
      0.4274193548387097,
      0.37857142857142856,
      0.3671875,
      0.3118401206636501,
      0.21428571428571427,
      0.3418803418803419,
      0.270999115826702,
      0.3487394957983193,
      0.2612645348837209,
      0.2990898629563762,
      0.19741379310344828,
      0.26041666666666663,
      0.23137254901960785,
      0.26197916666666665,
      0.30118798043326345,
      0.2895833333333333,
      0.2751283932501834,
      0.25,
      0.30640243902439024,
      0.3026315789473684,
      0.25687499999999996,
      0.3320138545274617,
      0.37080665813060176,
      0.32459066100667067,
      0.3611111111111111,
      0.3175925925925926,
      0.2727272727272727,
      0.3711180124223602,
      0.25862068965517243,
      0.32732732732732733,
      0.27142857142857146,
      0.30857648099027407,
      0.28500000000000003,
      0.21428571428571427,
      0.29521829521829523,
      0.23583877995642702,
      0.2854140395124002,
      0.40315315315315314,
      0.2619047619047619,
      0.35185185185185186,
      0.36036789297658867,
      0.3377403846153846,
      0.2844632768361582,
      0.33251155624036977,
      0.3778153153153153,
      0.33035714285714285,
      0.375,
      0.29591836734693877,
      0.3002906976744186,
      0.3666666666666667,
      0.34408602150537637,
      0.3117559523809524,
      0.5130813953488372,
      0.2,
      0.39403794037940376,
      0.2991421568627451,
      0.3141772151898734,
      0.3678571428571429,
      0.23214285714285715,
      0.3290543431750107,
      0.280241935483871,
      0.3235930735930736,
      0.23599320882852293,
      0.325,
      0.31985214176994997,
      0.26893408134642355,
      0.33732876712328763,
      0.3157894736842105,
      0.2785087719298246,
      0.3606902356902357,
      0.3357487922705314,
      0.34136363636363637
    ]
  }
}