{
  "per_type_stratified": {
    "balanced": {
      "全冠": {
        "mean": 0.9850662601434367,
        "std": 0.005569124008006785,
        "n": 13
      },
      "高嵌体": {
        "mean": 0.9839006188803302,
        "std": 0.004134582100547186,
        "n": 41
      },
      "桩核冠": {
        "mean": 0.9852449284594549,
        "std": 0.004329203606549793,
        "n": 13
      },
      "充填": {
        "mean": 0.890698261033215,
        "std": 0.2707234931817719,
        "n": 12
      }
    },
    "natural": {
      "全冠": {
        "mean": 0.7997780376695881,
        "std": 0.13687161567886316,
        "n": 13
      },
      "高嵌体": {
        "mean": 0.6890447398746501,
        "std": 0.17092333125062545,
        "n": 41
      },
      "桩核冠": {
        "mean": 0.6961183866022667,
        "std": 0.19577442798316264,
        "n": 10
      },
      "充填": {
        "mean": 0.8464515828619792,
        "std": 0.05005589312193506,
        "n": 11
      }
    }
  },
  "volume_estimation": {
    "pearson_r": 0.5759922618248751,
    "spearman_rho": 0.5929756181430138,
    "mae": 0.046614583333333334,
    "bias": 0.0037337239583333333,
    "n": 75
  },
  "seg_to_cls": {
    "macro_f1": 0.226906552094522,
    "weighted_f1": 0.36985320443967057,
    "n": 75
  },
  "detection_rate": {
    "balanced": "78/79",
    "natural": "71/75"
  }
}