{
  "DGCNN": {
    "bal_bal": {
      "mean": 0.9825923992027864,
      "std": 0.015486970240478211,
      "cv": 0.01576133730837259
    },
    "bal_nat": {
      "mean": 0.4329356734648917,
      "std": 0.08311967173432189,
      "cv": 0.19199081255904488
    },
    "nat_nat": {
      "mean": 0.7322680013609297,
      "std": 0.16909625474838558,
      "cv": 0.23092126712367325
    },
    "nat_bal": {
      "mean": 0.8091020314880246,
      "std": 0.18528319021595252,
      "cv": 0.22899854777919298
    }
  },
  "PointNet": {
    "bal_bal": {
      "mean": 0.878876857250093,
      "std": 0.06041814047230248,
      "cv": 0.06874471659356698
    },
    "bal_nat": {
      "mean": 0.6080123006047173,
      "std": 0.19509206918126926,
      "cv": 0.3208686222091797
    },
    "nat_nat": {
      "mean": 0.6907822485038334,
      "std": 0.16646914429926762,
      "cv": 0.24098642467988063
    },
    "nat_bal": {
      "mean": 0.7429210851746052,
      "std": 0.17953291716919842,
      "cv": 0.2416581259461813
    }
  },
  "PN2": {
    "bal_bal": {
      "mean": 0.9785524200547298,
      "std": 0.007624969266629903,
      "cv": 0.00779209075606133
    },
    "bal_nat": {
      "mean": 0.2662932430412842,
      "std": 0.0702148552803669,
      "cv": 0.2636749414985392
    },
    "nat_nat": {
      "mean": 0.6620056899956802,
      "std": 0.1038587079167606,
      "cv": 0.15688491728437912
    },
    "nat_bal": {
      "mean": 0.311803381096634,
      "std": 0.09140505664706246,
      "cv": 0.29314966478421295
    }
  }
}