{
  "PointNet_bal": {
    "dice_mean": 0.9054691809088992,
    "dice_std": 0.06065833417480807,
    "miou_mean": 0.8322686066741599,
    "n": 15
  },
  "PointNet_nat": {
    "dice_mean": 0.7840406204826721,
    "dice_std": 0.023486141295749257,
    "miou_mean": 0.6620428731977005,
    "n": 15
  },
  "PointNet++_bal": {
    "dice_mean": 0.9739727257490967,
    "dice_std": 0.02451743486220395,
    "miou_mean": 0.9503492774586609,
    "n": 15
  },
  "PointNet++_nat": {
    "dice_mean": 0.6997352213746088,
    "dice_std": 0.13047417396178565,
    "miou_mean": 0.5933731428109347,
    "n": 15
  },
  "DGCNN_bal": {
    "dice_mean": 0.976758352740001,
    "dice_std": 0.023644904166539034,
    "miou_mean": 0.9555841283566548,
    "n": 15
  },
  "DGCNN_nat": {
    "dice_mean": 0.8048659509859508,
    "dice_std": 0.029067401281694678,
    "miou_mean": 0.6900840971703031,
    "n": 15
  },
  "MV-ViT-ft_bal": {
    "dice_mean": 0.9523442899097972,
    "dice_std": 0.023111929717930864,
    "miou_mean": 0.9099245496067604,
    "n": 15
  },
  "MV-ViT-ft_nat": {
    "dice_mean": 0.8423899972557612,
    "dice_std": 0.03297061208288918,
    "miou_mean": 0.7407535189221958,
    "n": 15
  }
}