{
  "PointNet": {
    "bal": {
      "miou_mean": 0.8425976374469997,
      "miou_std": 0.0731980229259795,
      "dice_mean": 0.9125468669499877,
      "dice_std": 0.04984691832756931,
      "rest_iou_mean": 0.8434782798463025,
      "rest_iou_std": 0.08246757043800072,
      "n": 25
    },
    "nat": {
      "miou_mean": 0.6607043828179422,
      "miou_std": 0.029578381539283865,
      "dice_mean": 0.7825518683048373,
      "dice_std": 0.023686083986931828,
      "rest_iou_mean": 0.4919973149159352,
      "rest_iou_std": 0.04090763626058928,
      "n": 25
    }
  },
  "PointNet++": {
    "bal": {
      "miou_mean": 0.9477702730007621,
      "miou_std": 0.047073430166967765,
      "dice_mean": 0.9725691232689974,
      "dice_std": 0.025472128320338978,
      "rest_iou_mean": 0.9480828222863843,
      "rest_iou_std": 0.04673433975826337,
      "n": 25
    },
    "nat": {
      "miou_mean": 0.5659505902013214,
      "miou_std": 0.1151920868149694,
      "dice_mean": 0.6625317598728752,
      "dice_std": 0.15028240964871767,
      "rest_iou_mean": 0.3062361106325399,
      "rest_iou_std": 0.21578832409949003,
      "n": 25
    }
  },
  "DGCNN": {
    "bal": {
      "miou_mean": 0.9554557931240388,
      "miou_std": 0.043792011467124935,
      "dice_mean": 0.9766912326367454,
      "dice_std": 0.023636045927210428,
      "rest_iou_mean": 0.9555537802337523,
      "rest_iou_std": 0.04365100927423696,
      "n": 25
    },
    "nat": {
      "miou_mean": 0.6899307071455226,
      "miou_std": 0.034044238946035386,
      "dice_mean": 0.8049951892949807,
      "dice_std": 0.025996178430572846,
      "rest_iou_mean": 0.5291803498108077,
      "rest_iou_std": 0.04806122673941744,
      "n": 25
    }
  },
  "PT": {
    "bal": {
      "miou_mean": 0.620303983671665,
      "miou_std": 0.2783859045711586,
      "dice_mean": 0.712466365087824,
      "dice_std": 0.2386402741603692,
      "rest_iou_mean": 0.7027651978538265,
      "rest_iou_std": 0.1956311944845905,
      "n": 25
    },
    "nat": {
      "miou_mean": 0.571047112270453,
      "miou_std": 0.045214955131292194,
      "dice_mean": 0.7058442457386735,
      "dice_std": 0.04159246570422055,
      "rest_iou_mean": 0.3780039111987263,
      "rest_iou_std": 0.05939613903624154,
      "n": 25
    }
  },
  "MV-ViT-ft": {
    "bal": {
      "miou_mean": 0.9099245496067604,
      "miou_std": 0.040800088317693425,
      "dice_mean": 0.9523442899097972,
      "dice_std": 0.023111929717930864,
      "rest_iou_mean": 0.9105322496706283,
      "rest_iou_std": 0.0403783688581555,
      "n": 15
    },
    "nat": {
      "miou_mean": 0.7407535189221958,
      "miou_std": 0.04385729120968617,
      "dice_mean": 0.8423899972557612,
      "dice_std": 0.03297061208288918,
      "rest_iou_mean": 0.6003559062530158,
      "rest_iou_std": 0.06504814834270595,
      "n": 15
    }
  }
}