{
  "MV-ViT-ft balanced": [
    0.9231448877904792,
    0.828383809891027,
    0.9304523893523711,
    0.9343794813705106,
    0.9324608253250942,
    0.9268346918165531,
    0.8290380151225925,
    0.929553158537834,
    0.9336713381191852,
    0.9320693652864922,
    0.9274148985997773,
    0.8281983518418385,
    0.9297567290689346,
    0.9348373629096042,
    0.9286729390691123,
    0.9289848470729669,
    0.8220868238161614,
    0.9410796264955748,
    0.9271641600354423,
    0.9182609837412914,
    0.9308693698064358,
    0.8237498664069842,
    0.9433351215571318,
    0.9082350374395296,
    0.9055176365554565
  ],
  "MV-ViT-ft natural": [
    0.7438590275118029,
    0.6606315990664242,
    0.7904591528868583,
    0.7461951936681319,
    0.7467818756311639,
    0.7498972679506082,
    0.6626495889648331,
    0.791310564390605,
    0.7798046816027115,
    0.7488856944154099,
    0.7443056622167102,
    0.6569555144392039,
    0.7840077071877307,
    0.7393578979009997,
    0.7662013559997414,
    0.7401693697547573,
    0.6688870416258491,
    0.7982084872159978,
    0.7878660671062887,
    0.7691641288606178,
    0.7293549572770947,
    0.6579716371001274,
    0.7847540613415993,
    0.7651008750805847,
    0.7561780244056789
  ],
  "DINOv2-MV balanced": [
    0.907820960708859,
    0.7784668489241694,
    0.8981256555141124,
    0.9017713523607395,
    0.8858969299804358,
    0.9071509546736152,
    0.7797065883023996,
    0.9049758334840136,
    0.9064110673280013,
    0.8826098616087277,
    0.9101150785567507,
    0.7817473967441637,
    0.9001855769321442,
    0.9006669597868768,
    0.8884783619633551,
    0.9061753008184037,
    0.7782840412359033,
    0.8987670329910927,
    0.9031339327326908,
    0.8953913992195044,
    0.9072805592401935,
    0.7820966261068034,
    0.9049034089040153,
    0.9026180277930425,
    0.8950727282554878
  ],
  "DINOv2-MV natural": [
    0.7042977020359564,
    0.5822579972980547,
    0.672241084187267,
    0.6709162746487495,
    0.6546787311200951,
    0.703676589205082,
    0.5860964976181464,
    0.6670422286978755,
    0.6672166699347547,
    0.610091902911935,
    0.7069567104903347,
    0.582599363888939,
    0.6865834240997041,
    0.6606248045238214,
    0.676013592679675,
    0.7071015421098314,
    0.5783306486608253,
    0.6763994022729443,
    0.6794895959932704,
    0.665248551698525,
    0.7037834844315901,
    0.5906848635029208,
    0.6951145939380086,
    0.678839552042053,
    0.6150395693651878
  ],
  "DGCNN balanced": [
    0.9855932451909357,
    0.870598491897449,
    0.9807622281902117,
    0.9837449739630602,
    0.9810247499228216,
    0.9801186246917253,
    0.8678002014315813,
    0.9824700566359916,
    0.9762807727588481,
    0.967465082741009,
    0.9800433172388325,
    0.870038127542107,
    0.9832497882797294,
    0.9717331341251961,
    0.9528391307403205,
    0.9839702845867163,
    0.8703177522904032,
    0.9799537717899665,
    0.9829045553156617,
    0.9707780973958902,
    0.9857888003613384,
    0.8706918916626274,
    0.9455684188735617,
    0.9799246199471441,
    0.9827347105278432
  ],
  "DGCNN natural": [
    0.712510223836119,
    0.6893034610757486,
    0.6734334047013091,
    0.7391682531995932,
    0.6555625417045137,
    0.7296840637530526,
    0.6796548166349177,
    0.6860935055717761,
    0.6811417612766957,
    0.6504541893297966,
    0.6630383766816075,
    0.6779318541860364,
    0.6533274788750963,
    0.677061687164815,
    0.6955849436900474,
    0.7777199124720324,
    0.6857609499270854,
    0.6619566352210772,
    0.723467233227499,
    0.7169685836206042,
    0.669521700897218,
    0.6977341902086397,
    0.6197459475176588,
    0.7453039015201453,
    0.6861380623449818
  ],
  "PointNet balanced": [
    0.8653154952242283,
    0.788341257670667,
    0.8961889183279239,
    0.8971806828393174,
    0.8578350778853548,
    0.8792890679300416,
    0.7898922362321055,
    0.8679293920082922,
    0.893141584832568,
    0.8457981231120958,
    0.8675955132540732,
    0.8499370176430442,
    0.8692049525690071,
    0.5310652563932765,
    0.7769895688239034,
    0.776365211957587,
    0.899931435481282,
    0.8719877299316685,
    0.8936745316882588,
    0.8703427715547354,
    0.8655395917967699,
    0.8455898426311168,
    0.826137607180658,
    0.8619311770124978,
    0.8777368921945188
  ],
  "PointNet natural": [
    0.6607322721984972,
    0.6403953597990611,
    0.677716731730165,
    0.7009817430075025,
    0.645654077145049,
    0.6373099432972739,
    0.64098693421193,
    0.6416366125765851,
    0.6235303916884926,
    0.7180224068284933,
    0.6423173017650345,
    0.6836150393648215,
    0.6346662882048357,
    0.6572182662530448,
    0.6545138779832522,
    0.6536695238142527,
    0.6392121708988525,
    0.592369580000607,
    0.6349567626078464,
    0.6920195272863414,
    0.6695072529579856,
    0.7029837926052139,
    0.6904017363794932,
    0.7034875767378188,
    0.6797044011061055
  ],
  "PointNet++ balanced": [
    0.9789377228359062,
    0.865461245969982,
    0.9690088980804623,
    0.8729719919799452,
    0.9717743894308277,
    0.9799244720228707,
    0.8679049991199047,
    0.9788328066371415,
    0.977176726676346,
    0.9770244103857518,
    0.9801936406263776,
    0.9796999298301035,
    0.9797599741305774,
    0.8670411908442829,
    0.8667478043509498,
    0.8656591599454683,
    0.9698205178394393,
    0.9738865343438572,
    0.9781763831295922,
    0.9783999515111805,
    0.9764759335089558,
    0.9080677248598875,
    0.9766260774207853,
    0.9778674599012565,
    0.9768168796372005
  ],
  "PointNet++ natural": [
    0.6789813637210099,
    0.6086330718372865,
    0.4024658203125,
    0.4039955139160156,
    0.6186691756409601,
    0.6901079886473689,
    0.4102897644042969,
    0.4024658203125,
    0.6253406695979085,
    0.4072184244791667,
    0.6028744349270695,
    0.3930168151855469,
    0.7188042412327795,
    0.5883001068652951,
    0.4102897644042969,
    0.5953618194395711,
    0.4024658203125,
    0.6239447613936493,
    0.6628530613759688,
    0.6605726946794344,
    0.6928430967618919,
    0.6645586331828984,
    0.6300522070817124,
    0.6181275174008244,
    0.6365321679205835
  ],
  "PT balanced": [
    0.9783543636836309,
    0.8463415684646268,
    0.9625451040977153,
    0.27077401125584855,
    0.26019942479825875,
    0.980492291221801,
    0.8501624380106818,
    0.9589046893058698,
    0.33790234245915074,
    0.3224746095239335,
    0.9418319431741871,
    0.5618474229938095,
    0.32548455510086194,
    0.8123209117925898,
    0.5127976846422015,
    0.30035263065638274,
    0.9125352245602623,
    0.5183185001523858,
    0.3041104414185213,
    0.935564370906045,
    0.5100569893322761,
    0.3251326198681152,
    0.9090238212398245,
    0.5626221170636649,
    0.30744951606897736
  ],
  "PT natural": [
    0.6317772035173519,
    0.557095569484351,
    0.5828907500229977,
    0.636469654162202,
    0.6104805701918712,
    0.6328922121998054,
    0.5615194105659965,
    0.5018674786798671,
    0.6225286915569678,
    0.6087892689352186,
    0.5791450484462888,
    0.5889152931052349,
    0.568551262136202,
    0.5074557824414964,
    0.5125163173449956,
    0.49504459811482626,
    0.5152866547659586,
    0.5200987121938125,
    0.49703190060786784,
    0.605242694980543,
    0.6144721510071337,
    0.577760955836805,
    0.5825615572740472,
    0.5913084660788474,
    0.5744756031106375
  ],