{
  "cross_model_kappa": {
    "mean": 0.6709747573913991,
    "std": 0.2556277699370975,
    "min": -0.0687796305806807,
    "max": 0.9454899903438532,
    "pooled": 0.7104083755732165
  },
  "dgcnn_gt_kappa": 0.6715092740444997,
  "pointnet_gt_kappa": 0.6055314426535956,
  "unrestored_arches": false,
  "cross_seed_kappa": {
    "mean": 0.694900839332357,
    "std": 0.25119952333518875,
    "min": -0.20986264565570023,
    "max": 0.9525859752996005
  }
}