{
  "cross_protocol": {
    "balanced_on_natural": {
      "mean": 0.4329356734648917,
      "std": 0.08311967173432189
    },
    "natural_on_natural": {
      "mean": 0.7322680013609297,
      "std": 0.16909625474838558
    },
    "training_mismatch": -0.29933232789603803,
    "evaluation_mismatch": 0.5240643265351083,
    "total_gap": 0.22473199863907023,
    "wilcoxon_p": 8.90898742966684e-14
  },
  "tta": {
    "no_tta": {
      "mean": 0.7322680013609297,
      "std": 0.16909625474838558
    },
    "tta_8x": {
      "mean": 0.7409832596736188,
      "std": 0.1766494118540464
    },
    "gain": 0.008715258312689045,
    "wilcoxon_p": 0.06768884581918447,
    "cases_above_0.7_no_tta": 51,
    "cases_above_0.7_tta": 52
  }
}