{
  "DGCNN": {
    "U": 320.0,
    "p": 0.00011313979188054146,
    "d": 1.4728315586452532,
    "significant": 