{
  "segmentation": {
    "pointnet": {
      "balanced": {
        "mean": 0.8434877930304907,
        "std": 0.038912420450969105,
        "n": 15
      },
      "natural": {
        "mean": 0.6620428731977005,
        "std": 0.02980779475872903,
        "n": 15
      }
    },
    "dgcnn": {
      "balanced": {
        "mean": 0.9555841283566548,
        "std": 0.04377800484025347,
        "n": 15
      },
      "natural": {
        "mean": 0.6900840971703031,
        "std": 0.037639268536558745,
        "n": 15
      }
    },
    "dinov3": {
      "balanced": {
        "mean": 0.875608628457891,
        "std": 0.04845759360297435,
        "n": 15
      },
      "natural": {
        "mean": 0.655419571556026,
        "std": 0.04251265246015086,
        "n": 15
      }
    }
  },
  "natural_per_class": {
    "pointnet": {
      "IoU_bg": 0.8279334801227356,
      "IoU_res": 0.4961522662726651
    },
    "dgcnn": {
      "IoU_bg": 0.8510247764719587,
      "IoU_res": 0.5291434178686474
    },
    "dinov3": {
      "IoU_bg": 0.8419126777906702,
      "IoU_res": 0.46892646532138205
    }
  },
  "protocol_gaps": {
    "pointnet": 0.1814449198327902,
    "dgcnn": 0.2655000311863518,
    "dinov3": 0.22018905690186497
  },
  "classification": {
    "pointnet_geometric": {
      "F1": 0.279
    },
    "dinov3_seg_guided": {
      "F1": 0.533
    },
    "dinov3_binary": {
      "F1": 0.604,
      "acc": 0.76
    },
    "dinov3_cls_token": {
      "F1": 0.359
    }
  }
}