{
  "balanced": {
    "n": 15,
    "mean_miou_5class": 0.23654800066623485,
    "mean_miou_restoration_only": 0.08955284725048829,
    "per_class_mean": {
      "background": 0.824528614329221,
      "filling": 0.016552677674689993,
      "crown": 0.03605337254379736,
      "post_core": 0.14940278249809807,
      "onlay": 0.15620255628536778
    },
    "per_class_std": {
      "background": 0.061275346685244335,
      "filling": 0.029952181790944332,
      "crown": 0.04883527773218229,
      "post_core": 0.11972311491666143,
      "onlay": 0.11825508255950964
    }
  },
  "natural": {
    "n": 15,
    "mean_miou_5class": 0.12727341710804418,
    "mean_miou_restoration_only": 0.025038154400521487,
    "per_class_mean": {
      "background": 0.5362144679381351,
      "filling": 0.011548705040204697,
      "crown": 0.0259480723522733,
      "post_core": 0.005456408527593808,
      "onlay": 0.05719943168201414
    },
    "per_class_std": {
      "background": 0.19148364630570974,
      "filling": 0.01965127195257712,
      "crown": 0.03686118380082758,
      "post_core": 0.00962348945897597,
      "onlay": 0.053423861298961824
    }
  }
}