{
  "02SHAFIEI/Group-SHAFIEI.bin": {
    "miou": 0.29095458984375,
    "per_class_iou": [
      0.5819091796875,
      0.0
    ],
    "rest_ratio": 0.266845703125,
    "n_points": 8192,
    "fold": 0
  },
  "05\u4ed8\u9976/Group-furao1.bin": {
    "miou": 0.923465765473087,
    "per_class_iou": [
      0.9691275167785235,
      0.8778040141676505
    ],
    "rest_ratio": 0.2047119140625,
    "n_points": 8192,
    "fold": 0
  },
  "16\u5218\u73cd\u73e0/Group-liuzhenzhu.bin": {
    "miou": 0.9023164326072834,
    "per_class_iou": [
      0.963054906542056,
      0.841577958672511
    ],
    "rest_ratio": 0.165771484375,
    "n_points": 8192,
    "fold": 0
  },
  "32\u80e1\u4e3d\u82ac/Group-hulifen.bin": {
    "miou": 0.9171929007722415,
    "per_class_iou": [
      0.9556380061300209,
      0.8787477954144621
    ],
    "rest_ratio": 0.24658203125,
    "n_points": 8192,
    "fold": 0
  },
  "34\u80e1\u6625\u7ea2/Group-huchunhong.bin": {
    "miou": 0.8878989379458655,
    "per_class_iou": [
      0.9464697738809414,
      0.8293281020107895
    ],
    "rest_ratio": 0.236083984375,
    "n_points": 8192,
    "fold": 0
  },
  "38\u848b\u5b87\u9e4f/Group-jiangyupeng.bin": {
    "miou": 0.8016009969795254,
    "per_class_iou": [
      0.8808762392069076,
      0.7223257547521431
    ],
    "rest_ratio": 0.2557373046875,
    "n_points": 8192,
    "fold": 0
  },
  "40\u848b\u71d5\u7fe0/Group-jiangyancui.bin": {
    "miou": 0.8684429665949522,
    "per_class_iou": [
      0.9355582897569978,
      0.8013276434329066
    ],
    "rest_ratio": 0.226318359375,
    "n_points": 8192,
    "fold": 0
  },
  "51\u90ed\u9ece/Group-guoli.bin": {
    "miou": 0.46664788461837664,
    "per_class_iou": [
      0.6384204609331084,
      0.29487530830364483
    ],
    "rest_ratio": 0.211669921875,
    "n_points": 8192,
    "fold": 0
  },
  "52\u97e9\u4f1a\u53f6/Group-hanhuiye.bin": {
    "miou": 0.45457698501176763,
    "per_class_iou": [
      0.8295553078161774,
      0.07959866220735785
    ],
    "rest_ratio": 0.1776123046875,
    "n_points": 8192,
    "fold": 0
  },
  "59\u9ec4\u4f1f\u5bb8/Group-huangweichen.bin": {
    "miou": 0.8607697527296532,
    "per_class_iou": [
      0.9266227657572906,
      0.7949167397020158
    ],
    "rest_ratio": 0.239501953125,
    "n_points": 8192,
    "fold": 0
  },
  "62\u9ec4\u5ca9/Group-huangyan.bin": {
    "miou": 0.8167427124145079,
    "per_class_iou": [
      0.8953525134366108,
      0.7381329113924051
    ],
    "rest_ratio": 0.2542724609375,
    "n_points": 8192,
    "fold": 0
  },
  "67\u9ec4\u6885\u5170/Group-hml.bin": {
    "miou": 0.6001818509723766,
    "per_class_iou": [
      0.8944813490035769,
      0.3058823529411765
    ],
    "rest_ratio": 0.1307373046875,
    "n_points": 8192,
    "fold": 0
  },
  "69\u9ec4\u83ca\u8389/Group-huangjuli.bin": {
    "miou": 0.8558922775745711,
    "per_class_iou": [
      0.9311550151975684,
      0.7806295399515738
    ],
    "rest_ratio": 0.2178955078125,
    "n_points": 8192,
    "fold": 0
  },
  "70\u9ec4\u90c1\u8f89/Group-huangyuhui.bin": {
    "miou": 0.9491521295010779,
    "per_class_iou": [
      0.9781479217603912,
      0.9201563372417644
    ],
    "rest_ratio": 0.20849609375,
    "n_points": 8192,
    "fold": 0
  },
  "71\u9ece\u5efa\u6587/Group-lijianwen.bin": {
    "miou": 0.8026661170744928,
    "per_class_iou": [
      0.910706417976208,
      0.6946258161727775
    ],
    "rest_ratio": 0.171142578125,
    "n_points": 8192,
    "fold": 0
  },
  "04\u4e01\u654f/Group-dingmin.bin": {
    "miou": 0.8584364954780299,
    "per_class_iou": [
      0.9254619480112747,
      0.7914110429447853
    ],
    "rest_ratio": 0.228515625,
    "n_points": 8192,
    "fold": 1
  },
  "14\u5218\u4e2d\u6d77/Group-liuzhonghai.bin": {
    "miou": 0.7403048478620485,
    "per_class_iou": [
      0.867110125646711,
      0.6134995700773861
    ],
    "rest_ratio": 0.1943359375,
    "n_points": 8192,
    "fold": 1
  },
  "19\u5355\u7389\u8587/Group-syw.bin": {
    "miou": 0.8426722467678023,
    "per_class_iou": [
      0.941964922287181,
      0.7433795712484237
    ],
    "rest_ratio": 0.1514892578125,
    "n_points": 8192,
    "fold": 1
  },
  "24\u674e\u5f69\u971e/Group-licaixia.bin": {
    "miou": 0.7792321668820514,
    "per_class_iou": [
      0.8941384910674738,
      0.6643258426966292
    ],
    "rest_ratio": 0.174560546875,
    "n_points": 8192,
    "fold": 1
  },
  "28\u6d2a\u94f6\u5986/Group-hongyinzhuang.bin": {
    "miou": 0.9110346584623961,
    "per_class_iou": [
      0.9602376599634369,
      0.8618316569613552
    ],
    "rest_ratio": 0.2099609375,
    "n_points": 8192,
    "fold": 1
  },
  "30\u7eaa\u654f\u82b3/Group-jiminfang.bin": {
    "miou": 0.8579751623399605,
    "per_class_iou": [
      0.9090143218197135,
      0.8069360028602074
    ],
    "rest_ratio": 0.304443359375,
    "n_points": 8192,
    "fold": 1
  },
  "31\u7eaa\u9759/Group-jijing.bin": {
    "miou": 0.8056994716318902,
    "per_class_iou": [
      0.9002584765090467,
      0.7111404667547336
    ],
    "rest_ratio": 0.2138671875,
    "n_points": 8192,
    "fold": 1
  },
  "43\u8d21\u6653\u5149/Group-gongxiaoguang2.bin": {
    "miou": 0.31498579616019784,
    "per_class_iou": [
      0.5975504144500804,
      0.03242117787031529
    ],
    "rest_ratio": 0.220458984375,
    "n_points": 8192,
    "fold": 1
  },
  "55\u9ad8\u7b11\u82b3/Group-gaoxiaofang.bin": {
    "miou": 0.6361192167572395,
    "per_class_iou": [
      0.8913921083474411,
      0.38084632516703787
    ],
    "rest_ratio": 0.0655517578125,
    "n_points": 8192,
    "fold": 1
  },
  "58\u9ec4\u4e3d\u82b3/Group-huanglifang.bin": {
    "miou": 0.7784946157095896,
    "per_class_iou": [
      0.8767334360554699,
      0.6802557953637091
    ],
    "rest_ratio": 0.221923828125,
    "n_points": 8192,
    "fold": 1
  },
  "63\u9ec4\u5d69/Group-hs.bin": {
    "miou": 0.845464318394363,
    "per_class_iou": [
      0.9380351182702075,
      0.7528935185185185
    ],
    "rest_ratio": 0.1658935546875,
    "n_points": 8192,
    "fold": 1
  },
  "65\u9ec4\u5f81\u8273/Group-huangzhengyan.bin": {
    "miou": 0.834170474705661,
    "per_class_iou": [
      0.9265227675931401,
      0.7418181818181818
    ],
    "rest_ratio": 0.17724609375,
    "n_points": 8192,
    "fold": 1
  },
  "68\u9ec4\u7fe0\u7f8e/Group-huangcuimei.bin": {
    "miou": 0.8770007492218577,
    "per_class_iou": [
      0.9417787286063569,
      0.8122227698373583
    ],
    "rest_ratio": 0.2177734375,
    "n_points": 8192,
    "fold": 1
  },
  "72\u9ece\u8343/Group-liquan.bin": {
    "miou": 0.9277966542222461,
    "per_class_iou": [
      0.9802640722724114,
      0.8753292361720808
    ],
    "rest_ratio": 0.122802734375,
    "n_points": 8192,
    "fold": 1
  },
  "06\u4f55\u4e00/Group-heyi.bin": {
    "miou": 0.44423660739055976,
    "per_class_iou": [
      0.8169101262688785,
      0.07156308851224105
    ],
    "rest_ratio": 0.07666015625,
    "n_points": 8192,
    "fold": 2
  },
  "07\u4f55\u6587\u98de/Group-hwf.bin": {
    "miou": 0.7309053961637952,
    "per_class_iou": [
      0.9213123499599893,
      0.5404984423676013
    ],
    "rest_ratio": 0.084716796875,
    "n_points": 8192,
    "fold": 2
  },
  "12\u51af\u6c38\u6750/Group-fengyongcai.bin": {
    "miou": 0.655430416415055,
    "per_class_iou": [
      0.7983429501405533,
      0.5125178826895566
    ],
    "rest_ratio": 0.320556640625,
    "n_points": 8192,
    "fold": 2
  },
  "15\u5218\u601d\u96ef/Group-liusiwen.bin": {
    "miou": 0.6924624566249893,
    "per_class_iou": [
      0.8465966326090085,
      0.5383282806409702
    ],
    "rest_ratio": 0.2301025390625,
    "n_points": 8192,
    "fold": 2
  },
  "18\u52b3\u5ef6\u751f/Group-laoyansheng.bin": {
    "miou": 0.7242181358787199,
    "per_class_iou": [
      0.8618978102189782,
      0.5865384615384616
    ],
    "rest_ratio": 0.2633056640625,
    "n_points": 8192,
    "fold": 2
  },