{
  "PointNet": {
    "balanced": [
      0.8690451607292126,
      0.7776575497111633,
      0.8674669113895936,
      0.8953150991271763,
      0.846582915977993,
      0.8601516663205053,
      0.7964999592856461,
      0.8241710358980558,
      0.8800632953668917,
      0.7748215940188778,
      0.8620353469111915,
      0.792556525143747,
      0.8765727324834727,
      0.8821834584922428,
      0.847193644601592
    ],
    "natural": []
  },
  "PointNet++": {
    "balanced": [
      0.9801936406263776,
      0.9796999298301035,
      0.9797599741305774,
      0.8670411908442829,
      0.8667478043509498,
      0.8656591599454683,
      0.9698205178394393,
      0.9738865343438572,
      0.9781763831295922,
      0.9783999515111805,
      0.9764759335089558,
      0.9080677248598875,
      0.9766260774207853,
      0.9778674599012565,
      0.9768168796372005
    ],
    "natural": []
  },
  "DGCNN": {
    "balanced": [
      0.9855932451909357,
      0.870598491897449,
      0.9807622281902117,
      0.9837449739630602,
      0.9810247499228216,
      0.9801186246917253,
      0.8678002014315813,
      0.9824700566359916,
      0.9762807727588481,
      0.967465082741009,
      0.9800433172388325,
      0.870038127542107,
      0.9832497882797294,
      0.9717331341251961,
      0.9528391307403205
    ],
    "natural": [
      0.6630383766816075,
      0.6779318541860364,
      0.6533274788750963,
      0.677061687164815,
      0.6955849436900474,
      0.7777199124720324,
      0.6857609499270854,
      0.6619566352210772,
      0.723467233227499,
      0.7169685836206042,
      0.669521700897218,
      0.6977341902086397,
      0.6197459475176588,
      0.7453039015201453,
      0.6861380623449818
    ]
  },
  "DINOv3-ft": {
    "balanced": [
      0.9231448877904792,
      0.828383809891027,
      0.9304523893523711,
      0.9343794813705106,
      0.9324608253250942,
      0.9268346918165531,
      0.8290380151225925,
      0.929553158537834,
      0.9336713381191852,
      0.9320693652864922,
      0.9274148985997773,
      0.8281983518418385,
      0.9297567290689346,
      0.9348373629096042,
      0.9286729390691123
    ],
    "natural": [
      0.7438590275118029,
      0.6606315990664242,
      0.7904591528868583,
      0.7461951936681319,
      0.7467818756311639,
      0.7498972679506082,
      0.6626495889648331,
      0.791310564390605,
      0.7798046816027115,
      0.7488856944154099,
      0.7443056622167102,
      0.6569555144392039,
      0.7840077071877307,
      0.7393578979009997,
      0.7662013559997414
    ]
  }
}