{
  "rest_iou": {
    "DGCNN_balanced": [
      0.9856433326791564,
      0.8710260166996202,
      0.9808199364180139,
      0.9838121363759684,
      0.9810686482661005,
      0.9802099311257482,
      0.8681214016632313,
      0.9824860976789168,
      0.9764865915273999,
      0.9674447666501114,
      0.980180639740743,
      0.8704525414568933,
      0.9833074475624651,
      0.9715815423705743,
      0.9522106789079487,
      0.9840223295111648,
      0.870811832771831,
      0.9800771690663144,
      0.9829865397934295,
      0.9706946745371785,
      0.9858357368285943,
      0.8711255885407035,
      0.9457199105940169,
      0.9799168870419342,
      0.9828021280357458
    ],
    "DGCNN_natural": [
      0.5541218199608611,
      0.5281104177208074,
      0.5244343449152128,
      0.5869747195714047,
      0.4869186852170057,
      0.5748701298701299,
      0.5183471342750446,
      0.5328503556710502,
      0.5066035758138421,
      0.479126294225126,
      0.48451403148528405,
      0.5133225176671158,
      0.47758095392164795,
      0.5314429619584958,
      0.5355703468490474,
      0.6616986944403697,
      0.5115782408396131,
      0.4694338911739772,
      0.5768003979750095,
      0.5745877390820421,
      0.4999311806645195,
      0.535873388042204,
      0.4317864709834117,
      0.6042166983750741,
      0.5288137545718976
    ],
    "PointNet++_balanced": [
      0.9790326459448085,
      0.8656977239792004,
      0.9690179764818959,
      0.8763002882566737,
      0.9718262485184355,
      0.9799795125184538,
      0.8684744512082642,
      0.9789609532098803,
      0.9772405908721682,
      0.9771201512505407,
      0.9802551320089763,
      0.9797909931584091,
      0.9798183652875883,
      0.8674919436123848,
      0.8673152468339171,
      0.8661295584459795,
      0.970074961625013,
      0.9739565341463781,
      0.978236657535896,
      0.9785077047850771,
      0.9765642604972583,
      0.9085153850611346,
      0.9767939565266,
      0.9779859109830291,
      0.9769834044116472
    ],
    "PointNet++_natural": [
      0.5102354145342887,
      0.40734265734265734,
      0.0,
      0.0,
      0.4034905261789463,
      0.5361581315620313,
      0.0,
      0.0,
      0.40448924994290564,
      0.0,
      0.3884820334539652,
      0.0,
      0.5675346293323822,
      0.35042255278011664,
      0.0,
      0.3764068955691694,
      0.0,
      0.40956276533110225,
      0.4889692685755308,
      0.47841570398679756,
      0.5219797110359669,
      0.47720671415904853,
      0.42230003566449437,
      0.451588502269289,
      0.46131797409480546
    ],
    "RF_balanced": [
      0.9443275272765265,
      0.8147150433538176,
      0.9262528681875978,
      0.9511367694322105,
      0.9402047867724784,
      0.9444485903195474,
      0.8147670029606972,
      0.9266122079174643,
      0.9512020947393478,
      0.9407125845780168
    ],
    "RF_natural": [
      0.3454200770341839,
      0.2468641655156862,
      0.29157841353181585,
      0.31782670454545453,
      0.2611879576891782,
      0.34231814065801386,
      0.24696528111824792,
      0.29123865265169613,
      0.32178329936264516,
      0.26312760266784035
    ],
    "MV-ViT-ft_balanced": [
      0.9228844002118658,
      0.8296310658097678,
      0.9307279288793635,
      0.9349866931826785,
      0.9332680622249782,
      0.9270245304319692,
      0.8300054116307284,
      0.9301541425817526,
      0.9338181175845771,
      0.9327134246061816,
      0.9277020198320086,
      0.8304209526168973,
      0.9299278863805235,
      0.9353856513400179,
      0.9293334577461153,
      0.9296093134537391,
      0.8214116268036058,
      0.941802115488713,
      0.9280589123867069,
      0.9201897266959492,
      0.9317288944504263,
      0.8236014984194182,
      0.9441790477860075,
      0.9078589597403737,
      0.9081139821299203
    ],
    "MV-ViT-ft_natural": [
      0.6069620630099458,
      0.48320811841220007,
      0.671920378528308,
      0.6086151979372061,
      0.6009416063523294,
      0.6165317299678533,
      0.48173132599884194,
      0.6763018534863195,
      0.6562278953121986,
      0.612727626206986,
      0.6055316048333232,
      0.4751728651509547,
      0.6661805771020788,
      0.6116695863091227,
      0.6316161651875685,
      0.5972427831236121,
      0.49327302914066523,
      0.684912871671957,
      0.6674419366462476,
      0.6322664199814986,
      0.5790161486044992,
      0.4791351593569708,
      0.6634711921494963,
      0.6362846953015971,
      0.614938850967008
    ],
    "DINOv2-MV_balanced": [
      0.9093914586672773,
      0.7745064176073171,
      0.8991627960318825,
      0.9019252777818019,
      0.8869336415762977,
      0.9083938776096259,
      0.7756474103585658,
      0.9062029185140545,
      0.9072523100431016,
      0.8831655992680695,
      0.9111754454190611,
      0.7783072290820695,
      0.901388073171081,
      0.9010573145366304,
      0.8904973960298891,
      0.907023334246141,
      0.7739507078311169,
      0.8991717888783078,
      0.9037956793862306,
      0.8970840480274442,
      0.9091984830771863,
      0.7794538647874918,
      0.9062495521703615,
      0.9035721986631208,
      0.8966763883825495
    ],
    "DINOv2-MV_natural": [
      0.5431713032506159,
      0.3405263814394412,
      0.5160510170311347,
      0.4961106805591435,
      0.46322559897089566,
      0.544362101036346,
      0.35421256326287587,
      0.5107836269015212,
      0.49346056693797363,
      0.38037615820771675,
      0.5498468065048315,
      0.34665421911702704,
      0.5305564490189771,
      0.48311455177830137,
      0.48144495580393015,
      0.5469486404833837,
      0.3497972723921858,
      0.510583177157976,
      0.505931653190108,
      0.4759312130668614,
      0.5411611259403057,
      0.3752538837349728,
      0.5341618480480999,
      0.4995545178039264,
      0.4015141915864166
    ],
    "PointNet_balanced": [
      0.8651717407718719,
      0.7919338825234121,
      0.8995276341056586,
      0.9002235375163435,
      0.86183213965322,
      0.8805940509794465,
      0.7946941173329061,
      0.8694708964895476,
      0.8975600282975683,
      0.848180473372781,
      0.8691887477825022,
      0.8506825459243863,
      0.8702131272819903,
      0.4798294220619398,
      0.778034167273905,
      0.7810799331014893,
      0.903147427704667,
      0.8761464717030725,
      0.8979200533533408,
      0.8741247105478446,
      0.8650582790538224,
      0.8459355418809182,
      0.8400611283971694,
      0.8633192817173975,
      0.8830276573303645
    ],
    "PointNet_natural": [
      0.5071397558975349,
      0.4650995504174695,
      0.5174317799887967,
      0.5524311815515432,
      0.4453371970495258,
      0.44598197995901984,
      0.46011877812991026,
      0.47362048088565994,
      0.4253139182002951,
      0.565174256728646,
      0.4688339258766657,
      0.5288507015607756,
      0.4569214638263049,
      0.48997461271436715,
      0.4845185881370092,
      0.4689809245574841,
      0.4689603775928456,
      0.4190202366471304,
      0.46651948177980496,
      0.5427884992035098,
      0.5100417117256295,
      0.5524294562973159,
      0.5246494234964163,
      0.5443403934385017,
      0.5154541972362179
    ],
    "PT_balanced": [
      0.9785242538151648,
      0.845664077422641,
      0.9630646995407086,
      0.5084211914570096,
      0.5041065318881842,
      0.9806129957501765,
      0.8499710259635633,
      0.9595640150623677,
      0.5372243626526765,
      0.5303821617562003,
      0.943492164093109,
      0.590723391871775,
      0.5290703817799055,
      0.8172816554176939,
      0.5334522451059681,
      0.5105234106890014,
      0.9160693998344951,
      0.5385060348183992,
      0.5201765799998403,
      0.9375850169675969,
      0.5230734691586687,
      0.5301648900327182,
      0.9130395964465872,
      0.590301724137931,
      0.5181346706832809
    ],