{
  "runs_root": "/home/ubuntu/tiasha/dentist/runs/raw_cls/v18_main4_seg_all_cloudid_eq",
  "members": [
    {
      "exp": "teeth3ds_fdi_pretrain_supcon_rotz_tta8_posfeat_ls0_dropout0p1_seg_all_cloudid_eq_xyzonly",
      "model": "pointnet"
    },
    {
      "exp": "teeth3ds_fdi_pretrain_supcon_rotz_tta8_posfeat_ls0_dropout0p1_seg_all_cloudid_eq_xyz_curvrad",
      "model": "pointnet"
    },
    {
      "exp": "teeth3ds_fdi_pretrain_supcon_rotz_tta8_posfeat_ls0_dropout0p1_seg_all_cloudid_eq_xyzonly_pointnet2_n1024",
      "model": "pointnet2"
    }
  ],
  "seeds": [
    1337,
    2020,
    2021
  ],
  "folds": [
    0,
    1,
    2,
    3,
    4
  ],
  "method": "weighted",
  "objective": "nll",
  "grid_step": 0.02,
  "stacking": null,
  "weights": {
    "0": [
      0.02,
      0.5,
      0.48
    ],
    "1": [
      0.14,
      0.48,
      0.38
    ],
    "2": [
      0.24,
      0.0,
      0.76
    ],
    "3": [
      0.0,
      0.32,
      0.6799999999999999
    ],
    "4": [
      0.44,
      0.06,
      0.5
    ]
  },
  "per_fold": [
    {
      "fold": 0,
      "val": {
        "n": 50,
        "accuracy": 0.64,
        "macro_f1": 0.6507575757575759,
        "balanced_acc": 0.6220479082321188,
        "ece": 0.11456726575468977,
        "nll": 0.9321421941729526,
        "brier": 0.5028641503650256,
        "confusion_matrix": [
          [
            4,
            0,
            0,
            2
          ],
          [
            0,
            5,
            2,
            5
          ],
          [
            0,
            2,
            8,
            3
          ],
          [
            0,
            3,
            1,
            15
          ]
        ]
      },
      "test": {
        "n": 52,
        "accuracy": 0.5576923076923077,
        "macro_f1": 0.4757575757575757,
        "balanced_acc": 0.4910714285714286,
        "ece": 0.16523922314628575,
        "nll": 0.9621520826455024,
        "brier": 0.5229384148787759,
        "confusion_matrix": [
          [
            2,
            0,
            1,
            3
          ],
          [
            0,
            2,
            7,
            3
          ],
          [
            0,
            0,
            10,
            4
          ],
          [
            3,
            1,
            1,
            15
          ]
        ]
      }
    },
    {
      "fold": 1,
      "val": {
        "n": 50,
        "accuracy": 0.58,
        "macro_f1": 0.5473563218390805,
        "balanced_acc": 0.5409075573549258,
        "ece": 0.1890672657918806,
        "nll": 0.9506348785790216,
        "brier": 0.525364499923258,
        "confusion_matrix": [
          [
            2,
            2,
            1,
            1
          ],
          [
            0,
            7,
            2,
            3
          ],
          [
            0,
            4,
            8,
            1
          ],
          [
            2,
            4,
            1,
            12
          ]
        ]
      },
      "test": {
        "n": 50,
        "accuracy": 0.58,
        "macro_f1": 0.5851648351648352,
        "balanced_acc": 0.5957321187584346,
        "ece": 0.14904105074697485,
        "nll": 1.0833716231695136,
        "brier": 0.5945446758999425,
        "confusion_matrix": [
          [
            5,
            0,
            0,
            1
          ],
          [
            0,
            3,
            2,
            7
          ],
          [
            0,
            3,
            8,
            2
          ],
          [
            2,
            3,
            1,
            13
          ]
        ]
      }
    },
    {
      "fold": 2,
      "val": {
        "n": 48,
        "accuracy": 0.6875,
        "macro_f1": 0.6913185564080705,
        "balanced_acc": 0.6684394552815606,
        "ece": 0.17171412239885991,
        "nll": 0.8013339960105729,
        "brier": 0.4487097355122036,
        "confusion_matrix": [
          [
            4,
            0,
            0,
            1
          ],
          [
            0,
            4,
            1,
            6
          ],
          [
            0,
            2,
            8,
            3
          ],
          [
            0,
            0,
            2,
            17
          ]
        ]
      },
      "test": {
        "n": 50,
        "accuracy": 0.52,
        "macro_f1": 0.42977855477855476,
        "balanced_acc": 0.48836032388663964,
        "ece": 0.13601275560061143,
        "nll": 0.9784815057994263,
        "brier": 0.573626523841922,
        "confusion_matrix": [
          [
            3,
            0,
            1,
            2
          ],
          [
            0,
            0,
            4,
            8
          ],
          [
            0,
            1,
            10,
            2
          ],
          [
            4,
            0,
            2,
            13
          ]
        ]
      }
    },
    {
      "fold": 3,
      "val": {
        "n": 48,
        "accuracy": 0.6875,
        "macro_f1": 0.6562049062049061,
        "balanced_acc": 0.6689547294810453,
        "ece": 0.17891114716948425,
        "nll": 0.8488169140515635,
        "brier": 0.46578022587050616,
        "confusion_matrix": [
          [
            3,
            0,
            0,
            2
          ],
          [
            1,
            6,
            3,
            1
          ],
          [
            0,
            1,
            11,
            1
          ],
          [
            2,
            3,
            1,
            13
          ]
        ]
      },
      "test": {
        "n": 48,
        "accuracy": 0.5,
        "macro_f1": 0.5280836472520043,
        "balanced_acc": 0.547442031652558,
        "ece": 0.1173299014175104,
        "nll": 0.9857895006977054,
        "brier": 0.5604851833897841,
        "confusion_matrix": [
          [
            4,
            0,
            0,
            1
          ],
          [
            1,
            5,
            1,
            4
          ],
          [
            0,
            6,
            6,
            1
          ],
          [
            2,
            7,
            1,
            9
          ]
        ]
      }
    },
    {
      "fold": 4,
      "val": {
        "n": 52,
        "accuracy": 0.5384615384615384,
        "macro_f1": 0.45988455988455995,
        "balanced_acc": 0.4607142857142857,
        "ece": 0.20621689128617832,
        "nll": 1.0506831037213993,
        "brier": 0.5618724335974616,
        "confusion_matrix": [
          [
            1,
            1,
            1,
            3
          ],
          [
            0,
            4,
            5,
            3
          ],
          [
            0,
            1,
            9,
            4
          ],
          [
            2,
            3,
            1,
            14
          ]
        ]
      },
      "test": {
        "n": 48,
        "accuracy": 0.6875,
        "macro_f1": 0.6734126984126984,
        "balanced_acc": 0.6689547294810453,
        "ece": 0.12133844448382862,
        "nll": 0.8522049066238573,
        "brier": 0.46795982421463506,
        "confusion_matrix": [
          [
            3,
            0,
            0,
            2
          ],
          [
            0,
            6,
            4,
            1
          ],
          [
            0,
            1,
            11,
            1
          ],
          [
            1,
            3,
            2,
            13
          ]
        ]
      }
    }
  ],
  "overall": {
    "n": 248,
    "accuracy": 0.5685483870967742,
    "macro_f1": 0.5471197011173291,
    "balanced_acc": 0.555268276981639,
    "ece": 0.063807939040407,
    "nll": 0.9731786141026135,
    "brier": 0.5442206367975876,