{
  "runs_root": "/home/ubuntu/tiasha/dentist/runs/raw_cls/v18_main4_seg_all_cloudid_eq",
  "members": [
    {
      "exp": "teeth3ds_fdi_pretrain_supcon_rotz_tta8_posfeat_ls0_dropout0p1_seg_all_cloudid_eq_xyzonly",
      "model": "pointnet"
    },
    {
      "exp": "teeth3ds_fdi_pretrain_supcon_rotz_tta8_posfeat_ls0_dropout0p1_seg_all_cloudid_eq_xyz_curvrad",
      "model": "pointnet"
    },
    {
      "exp": "teeth3ds_fdi_pretrain_supcon_rotz_tta8_posfeat_ls0_dropout0p1_seg_all_cloudid_eq_xyzonly_pointnet2_n1024",
      "model": "pointnet2"
    }
  ],
  "seeds": [
    1337,
    2020,
    2021
  ],
  "folds": [
    0,
    1,
    2,
    3,
    4
  ],
  "method": "bias",
  "objective": "acc",
  "grid_step": null,
  "stacking": null,
  "weights": null,
  "bias": {
    "0": [
      0.0,
      0.7000000000000024,
      0.40000000000000213,
      0.5000000000000022
    ],
    "1": [
      0.0,
      0.40000000000000213,
      0.30000000000000204,
      0.30000000000000204
    ],
    "2": [
      0.0,
      0.7000000000000024,
      0.7000000000000024,
      0.8000000000000025
    ],
    "3": [
      0.0,
      0.30000000000000204,
      0.10000000000000187,
      0.5000000000000022
    ],
    "4": [
      0.0,
      -0.9999999999999991,
      -0.6999999999999988,
      -1.1999999999999993
    ]
  },
  "bias_step": 0.1,
  "bias_max": 2.0,
  "per_fold": [
    {
      "fold": 0,
      "val": {
        "n": 50,
        "accuracy": 0.68,
        "macro_f1": 0.6864385349539113,
        "balanced_acc": 0.6621120107962213,
        "ece": 0.12643780431882912,
        "nll": 0.927939068528272,
        "brier": 0.5103566588724066,
        "confusion_matrix": [
          [
            4,
            0,
            0,
            2
          ],
          [
            0,
            6,
            3,
            3
          ],
          [
            0,
            2,
            9,
            2
          ],
          [
            0,
            3,
            1,
            15
          ]
        ]
      },
      "test": {
        "n": 52,
        "accuracy": 0.5384615384615384,
        "macro_f1": 0.45709534368070953,
        "balanced_acc": 0.4607142857142857,
        "ece": 0.11256022677337722,
        "nll": 0.9821952751121095,
        "brier": 0.5335803296510995,
        "confusion_matrix": [
          [
            1,
            0,
            1,
            4
          ],
          [
            0,
            4,
            7,
            1
          ],
          [
            0,
            3,
            9,
            2
          ],
          [
            3,
            1,
            2,
            14
          ]
        ]
      }
    },
    {
      "fold": 1,
      "val": {
        "n": 50,
        "accuracy": 0.68,
        "macro_f1": 0.6341880341880342,
        "balanced_acc": 0.6281207827260459,
        "ece": 0.23362820269601656,
        "nll": 0.9613465855070136,
        "brier": 0.5171945505395876,
        "confusion_matrix": [
          [
            2,
            2,
            1,
            1
          ],
          [
            0,
            9,
            2,
            1
          ],
          [
            0,
            4,
            9,
            0
          ],
          [
            1,
            3,
            1,
            14
          ]
        ]
      },
      "test": {
        "n": 50,
        "accuracy": 0.6,
        "macro_f1": 0.5836997885835096,
        "balanced_acc": 0.5656207827260459,
        "ece": 0.24000937778595224,
        "nll": 1.0999567832981834,
        "brier": 0.5962239713564845,
        "confusion_matrix": [
          [
            3,
            1,
            0,
            2
          ],
          [
            0,
            4,
            2,
            6
          ],
          [
            0,
            2,
            9,
            2
          ],
          [
            1,
            3,
            1,
            14
          ]
        ]
      }
    },
    {
      "fold": 2,
      "val": {
        "n": 48,
        "accuracy": 0.7083333333333334,
        "macro_f1": 0.6566911349520044,
        "balanced_acc": 0.6331247699668753,
        "ece": 0.1877244740940392,
        "nll": 0.8733915388935003,
        "brier": 0.48562306715505904,
        "confusion_matrix": [
          [
            2,
            1,
            0,
            2
          ],
          [
            0,
            6,
            1,
            4
          ],
          [
            0,
            2,
            9,
            2
          ],
          [
            1,
            1,
            0,
            17
          ]
        ]
      },
      "test": {
        "n": 50,
        "accuracy": 0.62,
        "macro_f1": 0.5737620103473762,
        "balanced_acc": 0.583248987854251,
        "ece": 0.13014919824038154,
        "nll": 0.9182074285428997,
        "brier": 0.5202648998931434,
        "confusion_matrix": [
          [
            3,
            0,
            1,
            2
          ],
          [
            0,
            3,
            4,
            5
          ],
          [
            0,
            1,
            11,
            1
          ],
          [
            2,
            2,
            1,
            14
          ]
        ]
      }
    },
    {
      "fold": 3,
      "val": {
        "n": 48,
        "accuracy": 0.75,
        "macro_f1": 0.7314443454149335,
        "balanced_acc": 0.6988590357011409,
        "ece": 0.23965174440834192,
        "nll": 0.8538704171773297,
        "brier": 0.47698946151168525,
        "confusion_matrix": [
          [
            3,
            0,
            0,
            2
          ],
          [
            0,
            5,
            1,
            5
          ],
          [
            0,
            1,
            11,
            1
          ],
          [
            0,
            0,
            2,
            17
          ]
        ]
      },
      "test": {
        "n": 48,
        "accuracy": 0.5,
        "macro_f1": 0.40033567774936063,
        "balanced_acc": 0.4047110783952889,
        "ece": 0.20434718782035616,
        "nll": 0.9483614628426524,
        "brier": 0.529682117887705,
        "confusion_matrix": [
          [
            1,
            0,
            1,
            3
          ],
          [
            0,
            1,
            2,
            8
          ],
          [
            0,
            3,
            7,
            3
          ],
          [
            2,
            2,
            0,
            15
          ]
        ]
      }
    },
    {
      "fold": 4,
      "val": {
        "n": 52,
        "accuracy": 0.6538461538461539,
        "macro_f1": 0.6312151346107204,
        "balanced_acc": 0.6452380952380952,
        "ece": 0.20603928033937952,
        "nll": 1.071816741030832,
        "brier": 0.570001330941658,
        "confusion_matrix": [
          [
            4,
            0,
            1,
            1
          ],
          [
            0,
            6,
            5,
            1
          ],
          [
            1,
            1,
            10,
            2
          ],
          [
            3,
            2,
            1,
            14
          ]
        ]
      },
      "test": {
        "n": 48,
        "accuracy": 0.6041666666666666,
        "macro_f1": 0.5777169738863287,
        "balanced_acc": 0.6067537725432461,
        "ece": 0.12699974003648545,
        "nll": 0.91805894695425,
        "brier": 0.5020283010599845,
        "confusion_matrix": [
          [
            3,
            0,
            0,
            2
          ],
          [
            1,
            5,
            5,
            0
          ],
          [
            0,
            1,
            11,
            1
          ],
          [
            3,
            4,
            2,
            10
          ]
        ]
      }
    }
  ],
  "overall": {
    "n": 248,
    "accuracy": 0.5725806451612904,