{
  "runs_root": "/home/ubuntu/tiasha/dentist/runs/raw_cls/v18_main4_seg_all_cloudid_eq",
  "members": [
    {
      "exp": "teeth3ds_fdi_pretrain_supcon_rotz_tta8_posfeat_ls0_dropout0p1_seg_all_cloudid_eq_xyzonly",
      "model": "pointnet"
    },
    {
      "exp": "teeth3ds_fdi_pretrain_supcon_rotz_tta8_posfeat_ls0_dropout0p1_seg_all_cloudid_eq_xyz_curvrad",
      "model": "pointnet"
    },
    {
      "exp": "teeth3ds_fdi_pretrain_supcon_rotz_tta8_posfeat_ls0_dropout0p1_seg_all_cloudid_eq_xyzonly_pointnet2_n1024",
      "model": "pointnet2"
    }
  ],
  "seeds": [
    1337,
    2020,
    2021
  ],
  "folds": [
    0,
    1,
    2,
    3,
    4
  ],
  "method": "mean",
  "objective": null,
  "grid_step": null,
  "stacking": null,
  "weights": null,
  "per_fold": [
    {
      "fold": 0,
      "val": {
        "n": 50,
        "accuracy": 0.64,
        "macro_f1": 0.6212329604499052,
        "balanced_acc": 0.6265182186234818,
        "ece": 0.11318089857697486,
        "nll": 0.9428727747181953,
        "brier": 0.5001803589131391,
        "confusion_matrix": [
          [
            4,
            0,
            0,
            2
          ],
          [
            0,
            4,
            4,
            4
          ],
          [
            0,
            1,
            10,
            2
          ],
          [
            2,
            2,
            1,
            14
          ]
        ]
      },
      "test": {
        "n": 52,
        "accuracy": 0.5769230769230769,
        "macro_f1": 0.5084686147186147,
        "balanced_acc": 0.5172619047619047,
        "ece": 0.13319262399106352,
        "nll": 0.9955232332040299,
        "brier": 0.5520941887235472,
        "confusion_matrix": [
          [
            2,
            0,
            1,
            3
          ],
          [
            0,
            3,
            7,
            2
          ],
          [
            0,
            0,
            11,
            3
          ],
          [
            3,
            1,
            2,
            14
          ]
        ]
      }
    },
    {
      "fold": 1,
      "val": {
        "n": 50,
        "accuracy": 0.62,
        "macro_f1": 0.5768518518518518,
        "balanced_acc": 0.5732962213225371,
        "ece": 0.18496319098605052,
        "nll": 0.9549395018635977,
        "brier": 0.5194479366579651,
        "confusion_matrix": [
          [
            2,
            1,
            2,
            1
          ],
          [
            0,
            7,
            2,
            3
          ],
          [
            0,
            4,
            9,
            0
          ],
          [
            2,
            3,
            1,
            13
          ]
        ]
      },
      "test": {
        "n": 50,
        "accuracy": 0.6,
        "macro_f1": 0.6020695970695971,
        "balanced_acc": 0.6149628879892038,
        "ece": 0.1687117069669896,
        "nll": 1.097127245507479,
        "brier": 0.5888288870293649,
        "confusion_matrix": [
          [
            5,
            0,
            0,
            1
          ],
          [
            0,
            3,
            2,
            7
          ],
          [
            0,
            2,
            9,
            2
          ],
          [
            2,
            3,
            1,
            13
          ]
        ]
      }
    },
    {
      "fold": 2,
      "val": {
        "n": 48,
        "accuracy": 0.625,
        "macro_f1": 0.6077400860009555,
        "balanced_acc": 0.6173352962826647,
        "ece": 0.14813507735164388,
        "nll": 0.879574473565295,
        "brier": 0.4939722012986881,
        "confusion_matrix": [
          [
            3,
            0,
            0,
            2
          ],
          [
            0,
            6,
            1,
            4
          ],
          [
            0,
            2,
            9,
            2
          ],
          [
            5,
            2,
            0,
            12
          ]
        ]
      },
      "test": {
        "n": 50,
        "accuracy": 0.64,
        "macro_f1": 0.6220588235294118,
        "balanced_acc": 0.6687753036437247,
        "ece": 0.24091759752275213,
        "nll": 0.9505906454757693,
        "brier": 0.5511110474510543,
        "confusion_matrix": [
          [
            5,
            0,
            1,
            0
          ],
          [
            1,
            5,
            4,
            2
          ],
          [
            0,
            1,
            11,
            1
          ],
          [
            5,
            2,
            1,
            11
          ]
        ]
      }
    },
    {
      "fold": 3,
      "val": {
        "n": 48,
        "accuracy": 0.7083333333333334,
        "macro_f1": 0.676984126984127,
        "balanced_acc": 0.691682002208318,
        "ece": 0.19559261059556676,
        "nll": 0.8754521203202966,
        "brier": 0.4844558476388161,
        "confusion_matrix": [
          [
            3,
            0,
            0,
            2
          ],
          [
            1,
            7,
            2,
            1
          ],
          [
            0,
            1,
            11,
            1
          ],
          [
            3,
            1,
            2,
            13
          ]
        ]
      },
      "test": {
        "n": 48,
        "accuracy": 0.6875,
        "macro_f1": 0.6512987012987013,
        "balanced_acc": 0.6628818549871182,
        "ece": 0.19451708585741773,
        "nll": 0.9558315812593362,
        "brier": 0.5319834658841966,
        "confusion_matrix": [
          [
            3,
            0,
            1,
            1
          ],
          [
            1,
            6,
            4,
            0
          ],
          [
            0,
            2,
            10,
            1
          ],
          [
            2,
            3,
            0,
            14
          ]
        ]
      }
    },
    {
      "fold": 4,
      "val": {
        "n": 52,
        "accuracy": 0.5576923076923077,
        "macro_f1": 0.47920087575259984,
        "balanced_acc": 0.47619047619047616,
        "ece": 0.18350773363406012,
        "nll": 1.0626101427630472,
        "brier": 0.564437247563042,
        "confusion_matrix": [
          [
            1,
            0,
            1,
            4
          ],
          [
            0,
            5,
            5,
            2
          ],
          [
            0,
            2,
            8,
            4
          ],
          [
            2,
            2,
            1,
            15
          ]
        ]
      },
      "test": {
        "n": 48,
        "accuracy": 0.6875,
        "macro_f1": 0.6770050125313282,
        "balanced_acc": 0.6689547294810453,
        "ece": 0.14812114902909976,
        "nll": 0.8706027588887547,
        "brier": 0.4779850868486921,
        "confusion_matrix": [
          [
            3,
            0,
            0,
            2
          ],
          [
            0,
            6,
            2,
            3
          ],
          [
            0,
            1,
            11,
            1
          ],
          [
            1,
            3,
            2,
            13
          ]
        ]
      }
    }
  ],
  "overall": {
    "n": 248,
    "accuracy": 0.6370967741935484,
    "macro_f1": 0.6128374231279428,
    "balanced_acc": 0.6260927470517987,
    "ece": 0.12552079804863164,
    "nll": 0.9750885121083885,
    "brier": 0.5410660688259035,
    "confusion_matrix": [
      [
        18,
        0,
        3,
        7
      ],
      [
        2,
        23,
        19,
        14
      ],
      [
        0,
        6,
        52,
        8
      ],
      [
        13,
        12,
        6,
        65
      ]
    ]
  }
}
