{
  "runs_root": "/home/ubuntu/tiasha/dentist/runs/raw_cls/v18_main4_seg_all_cloudid_eq",
  "members": [
    {
      "exp": "teeth3ds_fdi_pretrain_supcon_rotz_tta8_posfeat_ls0_dropout0p1_seg_all_cloudid_eq_xyzonly",
      "model": "pointnet"
    },
    {
      "exp": "teeth3ds_fdi_pretrain_supcon_rotz_tta8_posfeat_ls0_dropout0p1_seg_all_cloudid_eq_xyz_curvrad",
      "model": "pointnet"
    },
    {
      "exp": "teeth3ds_fdi_pretrain_supcon_rotz_tta8_posfeat_ls0_dropout0p1_seg_all_cloudid_eq_xyzonly_pointnet2_n1024",
      "model": "pointnet2"
    }
  ],
  "seeds": [
    1337,
    2020,
    2021
  ],
  "folds": [
    0,
    1,
    2,
    3,
    4
  ],
  "method": "bias",
  "objective": "nll",
  "grid_step": null,
  "stacking": null,
  "weights": null,
  "bias": {
    "0": [
      0.0,
      0.7000000000000024,
      0.40000000000000213,
      0.5000000000000022
    ],
    "1": [
      0.0,
      -0.2999999999999985,
      -0.49999999999999867,
      0.10000000000000187
    ],
    "2": [
      0.0,
      0.40000000000000213,
      0.6000000000000023,
      0.5000000000000022
    ],
    "3": [
      0.0,
      0.30000000000000204,
      0.20000000000000195,
      0.7000000000000024
    ],
    "4": [
      0.0,
      -0.49999999999999867,
      -0.49999999999999867,
      -0.5999999999999988
    ]
  },
  "bias_step": 0.1,
  "bias_max": 2.0,
  "per_fold": [
    {
      "fold": 0,
      "val": {
        "n": 50,
        "accuracy": 0.68,
        "macro_f1": 0.6864385349539113,
        "balanced_acc": 0.6621120107962213,
        "ece": 0.12643780431882912,
        "nll": 0.927939068528272,
        "brier": 0.5103566588724066,
        "confusion_matrix": [
          [
            4,
            0,
            0,
            2
          ],
          [
            0,
            6,
            3,
            3
          ],
          [
            0,
            2,
            9,
            2
          ],
          [
            0,
            3,
            1,
            15
          ]
        ]
      },
      "test": {
        "n": 52,
        "accuracy": 0.5384615384615384,
        "macro_f1": 0.45709534368070953,
        "balanced_acc": 0.4607142857142857,
        "ece": 0.11256022677337722,
        "nll": 0.9821952751121095,
        "brier": 0.5335803296510995,
        "confusion_matrix": [
          [
            1,
            0,
            1,
            4
          ],
          [
            0,
            4,
            7,
            1
          ],
          [
            0,
            3,
            9,
            2
          ],
          [
            3,
            1,
            2,
            14
          ]
        ]
      }
    },
    {
      "fold": 1,
      "val": {
        "n": 50,
        "accuracy": 0.58,
        "macro_f1": 0.5353623188405797,
        "balanced_acc": 0.5255566801619433,
        "ece": 0.1117744258216425,
        "nll": 0.9364402496711591,
        "brier": 0.5132506322474364,
        "confusion_matrix": [
          [
            2,
            0,
            1,
            3
          ],
          [
            0,
            5,
            2,
            5
          ],
          [
            0,
            4,
            8,
            1
          ],
          [
            2,
            2,
            1,
            14
          ]
        ]
      },
      "test": {
        "n": 50,
        "accuracy": 0.58,
        "macro_f1": 0.5935703185703186,
        "balanced_acc": 0.5957321187584346,
        "ece": 0.21918940542552007,
        "nll": 1.1277209301233817,
        "brier": 0.6046421450424825,
        "confusion_matrix": [
          [
            5,
            0,
            0,
            1
          ],
          [
            0,
            3,
            0,
            9
          ],
          [
            0,
            2,
            8,
            3
          ],
          [
            2,
            3,
            1,
            13
          ]
        ]
      }
    },
    {
      "fold": 2,
      "val": {
        "n": 48,
        "accuracy": 0.625,
        "macro_f1": 0.6012759170653907,
        "balanced_acc": 0.607765918292234,
        "ece": 0.1471001573995277,
        "nll": 0.8692061438628763,
        "brier": 0.4840008454745268,
        "confusion_matrix": [
          [
            3,
            0,
            1,
            1
          ],
          [
            0,
            5,
            2,
            4
          ],
          [
            0,
            2,
            9,
            2
          ],
          [
            3,
            1,
            2,
            13
          ]
        ]
      },
      "test": {
        "n": 50,
        "accuracy": 0.56,
        "macro_f1": 0.5192415973665974,
        "balanced_acc": 0.5437753036437247,
        "ece": 0.10448084166974403,
        "nll": 0.9397739091758182,
        "brier": 0.5355712226218369,
        "confusion_matrix": [
          [
            3,
            0,
            2,
            1
          ],
          [
            0,
            3,
            4,
            5
          ],
          [
            0,
            1,
            11,
            1
          ],
          [
            4,
            2,
            2,
            11
          ]
        ]
      }
    },
    {
      "fold": 3,
      "val": {
        "n": 48,
        "accuracy": 0.7083333333333334,
        "macro_f1": 0.6563434552564988,
        "balanced_acc": 0.6261317629738683,
        "ece": 0.18601064327449784,
        "nll": 0.8522974303583236,
        "brier": 0.4775112588094106,
        "confusion_matrix": [
          [
            2,
            0,
            0,
            3
          ],
          [
            0,
            4,
            1,
            6
          ],
          [
            0,
            1,
            11,
            1
          ],
          [
            0,
            0,
            2,
            17
          ]
        ]
      },
      "test": {
        "n": 48,
        "accuracy": 0.5416666666666666,
        "macro_f1": 0.43342391304347827,
        "balanced_acc": 0.43102686786897315,
        "ece": 0.21551042512002186,
        "nll": 0.9491908017797065,
        "brier": 0.5291159038095615,
        "confusion_matrix": [
          [
            1,
            0,
            1,
            3
          ],
          [
            0,
            1,
            2,
            8
          ],
          [
            0,
            2,
            7,
            4
          ],
          [
            0,
            2,
            0,
            17
          ]
        ]
      }
    },
    {
      "fold": 4,
      "val": {
        "n": 52,
        "accuracy": 0.5576923076923077,
        "macro_f1": 0.48903342046886544,
        "balanced_acc": 0.4845238095238095,
        "ece": 0.191113868375988,
        "nll": 1.0540944847478972,
        "brier": 0.5614539594454178,
        "confusion_matrix": [
          [
            1,
            0,
            1,
            4
          ],
          [
            0,
            6,
            5,
            1
          ],
          [
            1,
            1,
            8,
            4
          ],
          [
            3,
            2,
            1,
            14
          ]
        ]
      },
      "test": {
        "n": 48,
        "accuracy": 0.6875,
        "macro_f1": 0.6770050125313282,
        "balanced_acc": 0.6689547294810453,
        "ece": 0.18710565412929756,
        "nll": 0.877507988613386,
        "brier": 0.4827862047024265,
        "confusion_matrix": [
          [
            3,
            0,
            0,
            2
          ],
          [
            0,
            6,
            2,
            3
          ],
          [
            0,
            1,
            11,
            1
          ],
          [
            1,
            3,
            2,
            13
          ]
        ]
      }
    }
  ],
  "overall": {
    "n": 248,