{
  "runs_root": "/home/ubuntu/tiasha/dentist/runs/raw_cls/v18_main4_seg_all_cloudid_eq",
  "members": [
    {
      "exp": "teeth3ds_fdi_pretrain_supcon_rotz_tta8_posfeat_ls0_dropout0p1_seg_all_cloudid_eq_xyzonly",
      "model": "pointnet"
    },
    {
      "exp": "teeth3ds_fdi_pretrain_supcon_rotz_tta8_posfeat_ls0_dropout0p1_seg_all_cloudid_eq_xyz_curvrad",
      "model": "pointnet"
    },
    {
      "exp": "teeth3ds_fdi_pretrain_supcon_rotz_tta8_posfeat_ls0_dropout0p1_seg_all_cloudid_eq_xyzonly_pointnet2_n1024",
      "model": "pointnet2"
    }
  ],
  "seeds": [
    1337,
    2020,
    2021
  ],
  "folds": [
    0,
    1,
    2,
    3,
    4
  ],
  "method": "weighted",
  "objective": "acc",
  "grid_step": 0.02,
  "stacking": null,
  "weights": {
    "0": [
      0.12,
      0.4,
      0.48
    ],
    "1": [
      0.66,
      0.2,
      0.1399999999999999
    ],
    "2": [
      0.06,
      0.48,
      0.45999999999999996
    ],
    "3": [
      0.18,
      0.28,
      0.54
    ],
    "4": [
      0.08,
      0.54,
      0.38
    ]
  },
  "per_fold": [
    {
      "fold": 0,
      "val": {
        "n": 50,
        "accuracy": 0.7,
        "macro_f1": 0.7044756508171142,
        "balanced_acc": 0.6813427800269904,
        "ece": 0.2034266005819043,
        "nll": 0.9329158975301449,
        "brier": 0.49860028409509916,
        "confusion_matrix": [
          [
            4,
            0,
            0,
            2
          ],
          [
            0,
            6,
            3,
            3
          ],
          [
            0,
            1,
            10,
            2
          ],
          [
            0,
            3,
            1,
            15
          ]
        ]
      },
      "test": {
        "n": 52,
        "accuracy": 0.5576923076923077,
        "macro_f1": 0.4757575757575757,
        "balanced_acc": 0.4910714285714286,
        "ece": 0.14090756682679054,
        "nll": 0.9663097336802691,
        "brier": 0.5276619784625961,
        "confusion_matrix": [
          [
            2,
            0,
            1,
            3
          ],
          [
            0,
            2,
            7,
            3
          ],
          [
            0,
            0,
            10,
            4
          ],
          [
            3,
            1,
            1,
            15
          ]
        ]
      }
    },
    {
      "fold": 1,
      "val": {
        "n": 50,
        "accuracy": 0.68,
        "macro_f1": 0.6290476190476191,
        "balanced_acc": 0.6325910931174089,
        "ece": 0.20821628247015178,
        "nll": 0.9896922543311757,
        "brier": 0.5243529056599442,
        "confusion_matrix": [
          [
            2,
            1,
            2,
            1
          ],
          [
            0,
            8,
            2,
            2
          ],
          [
            0,
            2,
            11,
            0
          ],
          [
            2,
            2,
            2,
            13
          ]
        ]
      },
      "test": {
        "n": 50,
        "accuracy": 0.58,
        "macro_f1": 0.552452351809757,
        "balanced_acc": 0.5447874493927125,
        "ece": 0.1571532516689661,
        "nll": 1.1767311399027902,
        "brier": 0.6109395116147368,
        "confusion_matrix": [
          [
            3,
            0,
            1,
            2
          ],
          [
            0,
            3,
            3,
            6
          ],
          [
            0,
            2,
            9,
            2
          ],
          [
            1,
            2,
            2,
            14
          ]
        ]
      }
    },
    {
      "fold": 2,
      "val": {
        "n": 48,
        "accuracy": 0.7291666666666666,
        "macro_f1": 0.7142857142857143,
        "balanced_acc": 0.7234633787265367,
        "ece": 0.21479607714159,
        "nll": 0.862304226785524,
        "brier": 0.48139180818688826,
        "confusion_matrix": [
          [
            4,
            0,
            0,
            1
          ],
          [
            0,
            7,
            0,
            4
          ],
          [
            0,
            3,
            8,
            2
          ],
          [
            3,
            0,
            0,
            16
          ]
        ]
      },
      "test": {
        "n": 50,
        "accuracy": 0.54,
        "macro_f1": 0.4968906800469734,
        "balanced_acc": 0.5393049932523617,
        "ece": 0.10646465659849345,
        "nll": 0.944653144313095,
        "brier": 0.5519751315400565,
        "confusion_matrix": [
          [
            4,
            0,
            1,
            1
          ],
          [
            1,
            2,
            4,
            5
          ],
          [
            0,
            3,
            9,
            1
          ],
          [
            5,
            0,
            2,
            12
          ]
        ]
      }
    },
    {
      "fold": 3,
      "val": {
        "n": 48,
        "accuracy": 0.7291666666666666,
        "macro_f1": 0.6900538964967277,
        "balanced_acc": 0.6952705189547295,
        "ece": 0.21269183241225417,
        "nll": 0.8558323768418918,
        "brier": 0.4689186482234611,
        "confusion_matrix": [
          [
            3,
            0,
            0,
            2
          ],
          [
            1,
            6,
            3,
            1
          ],
          [
            0,
            1,
            11,
            1
          ],
          [
            2,
            0,
            2,
            15
          ]
        ]
      },
      "test": {
        "n": 48,
        "accuracy": 0.5416666666666666,
        "macro_f1": 0.5339755339755339,
        "balanced_acc": 0.5369157158630842,
        "ece": 0.12087904638313268,
        "nll": 0.9646908932330783,
        "brier": 0.5416400517122727,
        "confusion_matrix": [
          [
            3,
            0,
            1,
            1
          ],
          [
            1,
            5,
            1,
            4
          ],
          [
            0,
            6,
            6,
            1
          ],
          [
            2,
            5,
            0,
            12
          ]
        ]
      }
    },
    {
      "fold": 4,
      "val": {
        "n": 52,
        "accuracy": 0.5961538461538461,
        "macro_f1": 0.5114130434782609,
        "balanced_acc": 0.506547619047619,
        "ece": 0.17841450207257786,
        "nll": 1.0728124755239354,
        "brier": 0.5715251899601494,
        "confusion_matrix": [
          [
            1,
            0,
            1,
            4
          ],
          [
            0,
            5,
            5,
            2
          ],
          [
            0,
            1,
            9,
            4
          ],
          [
            1,
            2,
            1,
            16
          ]
        ]
      },
      "test": {
        "n": 48,
        "accuracy": 0.6458333333333334,
        "macro_f1": 0.6263157894736842,
        "balanced_acc": 0.6235001840264998,
        "ece": 0.14857638761659875,
        "nll": 0.8731477928922261,
        "brier": 0.47469080287116067,
        "confusion_matrix": [
          [
            3,
            0,
            0,
            2
          ],
          [
            0,
            4,
            4,
            3
          ],
          [
            0,
            1,
            11,
            1
          ],
          [
            1,
            3,
            2,
            13
          ]
        ]
      }
    }
  ],
  "overall": {
    "n": 248,
    "accuracy": 0.5725806451612904,
    "macro_f1": 0.5378067467352631,
    "balanced_acc": 0.5452236341244961,
    "ece": 0.042466437762148784,
    "nll": 0.9860224890975116,
    "brier": 0.5418065970072559,