{
  "run_dir": "/home/ubuntu/tiasha/dentist/runs/raw_cls_baseline/paper_rawcls_v13_main4_pointnet_n4096_k5_fold0_seed1337_bal_ls0p1_tta8",
  "split": "test",
  "n": 52,
  "num_classes": 4,
  "point_estimate": {
    "accuracy": 0.25,
    "macro_f1_all": 0.20884070884070882,
    "macro_f1_present": 0.20884070884070882,
    "balanced_accuracy_present": 0.33035714285714285
  },
  "ci95": {
    "accuracy": {
      "mean": 0.24957692307692309,
      "lo": 0.15384615384615385,
      "hi": 0.36538461538461536
    },
    "macro_f1_all": {
      "mean": 0.20398678624965214,
      "lo": 0.12037037037037038,
      "hi": 0.29360184851912785
    },
    "macro_f1_present": {
      "mean": 0.20403727630328866,
      "lo": 0.12037037037037038,
      "hi": 0.29360184851912785
    },
    "balanced_accuracy_present": {
      "mean": 0.3305428710777536,
      "lo": 0.19694128787878787,
      "hi": 0.4523995535714284
    }
  }
}
