{
  "PointNet": {
    "bal_rest_mean": 0.831851233007654,
    "bal_rest_std": 0.10026258662278814,
    "nat_rest_mean": 0.4961522662726651,
    "nat_rest_std": 0.03730495838124917,
    "n": 15
  },
  "PointNet++": {
    "bal_rest_mean": 0.9505613343279528,
    "bal_rest_std": 0.045172754186652626,
    "nat_rest_mean": 0.35961245241684453,
    "nat_rest_std": 0.18773425349233314,
    "n": 15
  },
  "DGCNN": {
    "bal_rest_mean": 0.9556567806081927,
    "bal_rest_std": 0.04365195354497148,
    "nat_rest_mean": 0.5291434178686474,
    "nat_rest_std": 0.05582205717208261,
    "n": 15
  },
  "DINOv3-ft": {
    "bal_rest_mean": 0.9105322496706283,
    "bal_rest_std": 0.0403783688581555,
    "nat_rest_mean": 0.6003559062530158,
    "nat_rest_std": 0.06504814834270595,
    "n": 15
  }
}