{
  "PointNet": {
    "bal_rest": [
      0.8700451438518036,
      0.78662146303299,
      0.8670326057435281,
      0.8972338189770243,
      0.846201358863496,
      0.8596376274856133,
      0.8050673542412123,
      0.8308230844543394,
      0.8833312387415693,
      0.7717561611339708,
      0.8603380079108235,
      0.7949737059117762,
      0.8828762550918925,
      0.8866520000553457,
      0.8551811842706905
    ],
    "nat_rest": []
  },
  "DGCNN": {
    "bal_rest": [
      0.9856433326791564,
      0.8710260166996202,
      0.9808199364180139,
      0.9838121363759684,
      0.9810686482661005,
      0.9802099311257482,
      0.8681214016632313,
      0.9824860976789168,
      0.9764865915273999,
      0.9674447666501114,
      0.980180639740743,
      0.8704525414568933,
      0.9833074475624651,
      0.9715815423705743,
      0.9522106789079487
    ],
    "nat_rest": [
      0.48451403148528405,
      0.5133225176671158,
      0.47758095392164795,
      0.5314429619584958,
      0.5355703468490474,
      0.6616986944403697,
      0.5115782408396131,
      0.4694338911739772,
      0.5768003979750095,
      0.5745877390820421,
      0.4999311806645195,
      0.535873388042204,
      0.4317864709834117,
      0.6042166983750741,
      0.5288137545718976
    ]
  },
  "DINOv3-ft": {
    "bal_rest": [
      0.9228844002118658,
      0.8296310658097678,
      0.9307279288793635,
      0.9349866931826785,
      0.9332680622249782,
      0.9270245304319692,
      0.8300054116307284,
      0.9301541425817526,
      0.9338181175845771,
      0.9327134246061816,
      0.9277020198320086,
      0.8304209526168973,
      0.9299278863805235,
      0.9353856513400179,
      0.9293334577461153
    ],
    "nat_rest": [
      0.6069620630099458,
      0.48320811841220007,
      0.671920378528308,
      0.6086151979372061,
      0.6009416063523294,
      0.6165317299678533,
      0.48173132599884194,
      0.6763018534863195,
      0.6562278953121986,
      0.612727626206986,
      0.6055316048333232,
      0.4751728651509547,
      0.6661805771020788,
      0.6116695863091227,
      0.6316161651875685
    ]
  }
}