{
  "roc_auc_pooled": 0.9375537595507376,
  "roc_auc_per_case_mean": 0.9247614088927588,
  "roc_auc_per_case_std": 0.1418556250679157,
  "brier_score": 0.07426883900860261,
  "ece": 0.023113939512945693
}