{
  "pretraining": {
    "pretrain_dataset": "Teeth3DS",
    "pretrain_task": "tooth/gingiva binary segmentation",
    "pretrain_n_scans": 1079,
    "pretrain_val_miou": 0.822,
    "finetune_method": "DGCNN",
    "balanced_scratch": {
      "mean": 0.9594778407637868,
      "std": 0.044421281980895864
    },
    "balanced_pretrained": {
      "mean": 0.9617658283929179,
      "std": 0.04529868021457537
    },
    "natural_scratch": {
      "mean": 0.7542516983481506,
      "std": 0.03726591400124195
    },
    "natural_pretrained": {
      "mean": 0.7529941966990046,
      "std": 0.027379350434953924
    },
    "balanced_delta": 0.002287987629131072,
    "natural_delta": -0.0012575016491460644,
    "balanced_p": 0.0042724609375,
    "natural_p": 0.67877197265625
  },
  "cross_dataset_gap": {
    "within_protocol_gap": {
      "comparison": "balanced vs natural (within our dataset)",
      "svm_accuracy": 1.0,
      "proxy_a_distance": 2.0,
      "mmd2": 0.6147804260253906
    },
    "cross_dataset_gap": {
      "comparison": "our data vs Teeth3DS",
      "svm_accuracy": 0.9972222222222221,
      "proxy_a_distance": 1.9888888888888885,
      "mmd2": 0.6776902079582214
    },
    "balanced_vs_teeth3ds": {
      "svm_accuracy": 0.9964285714285716,
      "proxy_a_distance": 1.9857142857142862,
      "mmd2": 0.6776902079582214
    },
    "natural_vs_teeth3ds": {
      "svm_accuracy": 0.9964285714285716,
      "proxy_a_distance": 1.9857142857142862
    },
    "gap_ratio": 1.0055865921787712,
    "teeth3ds_n": 200,
    "feature_type": "geometric_25dim"
  },
  "total_teeth3ds_runs": 60
}