{
  "balanced_pretrained": [
    0.9844507569255811,
    0.8711988797716568,
    0.9855182118392669,
    0.9823349212567994,
    0.9827985815706604,
    0.9848114876191092,
    0.8711592022098554,
    0.9851722286355247,
    0.9846763067196151,
    0.9836950134049147,
    0.9846160379022459,
    0.8711988230693326,
    0.9858339321399017,
    0.9847514751681203,
    0.9842715676611816
  ],
  "natural_pretrained": [
    0.788836416193418,
    0.7494049347256313,
    0.7522381704090734,
    0.7098629755982162,
    0.7643083023190584,
    0.7160685638428044,
    0.7496037562184381,
    0.7850489318039182,
    0.7785884964185756,
    0.7589828410079074,
    0.7234931334600172,
    0.7243554789933601,
    0.7265759436432909,
    0.8008245611821468,
    0.7667204446692129
  ],
  "balanced_scratch": [
    0.984000483120493,
    0.8716537152019403,
    0.9847965142124263,
    0.9829198506841479,
    0.9832146096954708,
    0.9783544444823236,
    0.8692908654726229,
    0.9817499488851239,
    0.9794760543930816,
    0.9757518135272817,
    0.9822599757518282,
    0.8713463197417548,
    0.9833398067250576,
    0.9841055799614149,
    0.9799076296018342
  ],
  "natural_scratch": [
    0.7648429086455086,
    0.6987399915774279,
    0.811477066825909,
    0.7493663296350314,
    0.797653806593762,
    0.7344268549667512,
    0.6621502375399122,
    0.7840643550435553,
    0.7485986710728715,
    0.7800119607304752,
    0.7603853888382763,
    0.7187832565663508,
    0.7583489324811986,
    0.7693491024074148,
    0.7755766122978163
  ]
}