{
  "DGCNN": {
    "mean": 0.2503243978418568,
    "ci_low": 0.21503872683611183,
    "ci_high": 0.29350263859990405,
    "p": 5.2803729173201584e-14,
    "effect_r": 0.8688883054899625,
    "power": 0.9999999868768452,
    "n": 75
  },
  "PointNet": {
    "mean": 0.18809460874625983,
    "ci_low": 0.15640986951941677,
    "ci_high": 0.22570159827525815,
    "p": 1.9741495698486265e-13,
    "effect_r": 0.8487666815733528,
    "power": 0.9999999648759,
    "n": 75
  },
  "PN2": {
    "mean": 0.3165467300590495,
    "ci_low": 0.29395479742646297,
    "ci_high": 0.3397433028996809,
    "p": 5.2803729173201584e-14,
    "effect_r": 0.8688883054899625,
    "power": 0.9999999868768452,
    "n": 75
  },
  "RF": {
    "mean": 0.36,
    "note": "fold-averaged, not per-case paired"
  }
}